pair_id,retained_local_GC20_mean,rejected_local_GC20_mean,delta_local_GC20_mean,retained_local_GC20_sd,rejected_local_GC20_sd,delta_local_GC20_sd,retained_local_GC20_max,rejected_local_GC20_max,delta_local_GC20_max,retained_local_GC30_mean,rejected_local_GC30_mean,delta_local_GC30_mean,retained_local_GC30_sd,rejected_local_GC30_sd,delta_local_GC30_sd,retained_local_GC30_max,rejected_local_GC30_max,delta_local_GC30_max,retained_local_GC50_mean,rejected_local_GC50_mean,delta_local_GC50_mean,retained_local_GC50_sd,rejected_local_GC50_sd,delta_local_GC50_sd,retained_local_GC50_max,rejected_local_GC50_max,delta_local_GC50_max,retained_local_GC100_mean,rejected_local_GC100_mean,delta_local_GC100_mean,retained_local_GC100_sd,rejected_local_GC100_sd,delta_local_GC100_sd,retained_local_GC100_max,rejected_local_GC100_max,delta_local_GC100_max
P0001,0.37205567451820126,0.37138297872340426,0.0006726957947970069,0.09582088206629379,0.14496955706710837,-0.04914867500081459,0.6,0.7,-0.09999999999999998,0.3741064916119621,0.3723188405797101,0.00178765103225198,0.07807609633575996,0.12735486115388492,-0.04927876481812496,0.5333333333333333,0.6333333333333333,-0.09999999999999998,0.37816933638443934,0.37354545454545457,0.004623881838984767,0.05578922964525386,0.10677151785374875,-0.05098228820849489,0.5,0.6,-0.09999999999999998,0.38136950904392763,0.37974358974358974,0.0016259193003378969,0.04072261243246623,0.07148201062871691,-0.030759398196250683,0.47,0.51,-0.040000000000000036
P0002,0.5127982646420823,0.5053763440860215,0.007421920556060835,0.10245881918226939,0.11506481707528925,-0.01260599789301986,0.75,0.75,0.0,0.5154471544715447,0.5057142857142857,0.009732868757258983,0.08625900971203042,0.09709616057853664,-0.010837150866506218,0.6666666666666666,0.7333333333333333,-0.06666666666666665,0.5178190255220417,0.5058390804597701,0.011979945062271624,0.07414712101290805,0.07588207329422614,-0.0017349522813180918,0.64,0.64,0.0,0.5248293963254593,0.508077922077922,0.016751474247537312,0.057037858927901086,0.05761893768630087,-0.0005810787583997862,0.62,0.6,0.020000000000000018
P0003,0.4871994342291372,0.48646723646723644,0.0007321977619007547,0.09221197276098145,0.14756542199938225,-0.0553534492384008,0.7,0.8,-0.10000000000000009,0.4872788139646102,0.48607899807321775,0.0011998158913924528,0.06993979483144218,0.1322590689712284,-0.06231927413978623,0.6333333333333333,0.7333333333333333,-0.09999999999999998,0.48623338257016246,0.4879761904761904,-0.0017428079060279322,0.0482927912446035,0.1168258753333023,-0.06853308408869879,0.6,0.72,-0.12,0.48523125996810207,0.49260450160771707,-0.0073732416396150025,0.02970996072087752,0.10296083533643285,-0.07325087461555534,0.55,0.67,-0.12
P0004,0.5153027823240589,0.5129111842105264,0.0023915981135325115,0.10502450018324225,0.17957436520303038,-0.07454986501978814,0.75,0.8,-0.050000000000000044,0.5166943982251803,0.514659977703456,0.0020344205217243116,0.08887299527006248,0.17033495307530716,-0.08146195780524468,0.7,0.8333333333333334,-0.13333333333333341,0.5187607573149742,0.5169204152249135,0.001840342090060676,0.07294054525156189,0.16417413290588295,-0.09123358765432106,0.68,0.78,-0.09999999999999998,0.522241054613936,0.5259659090909091,-0.0037248544769731273,0.04232492787698219,0.15387979484666706,-0.11155486696968486,0.62,0.73,-0.10999999999999999
P0005,0.5180140597539543,0.5182608695652174,-0.00024680981126312673,0.07940747052550089,0.1464849650665494,-0.06707749454104851,0.7,0.8,-0.10000000000000009,0.5179487179487179,0.5204719764011799,-0.0025232584524620405,0.06255862806825532,0.1312813092359212,-0.06872268116766589,0.7,0.7666666666666667,-0.06666666666666676,0.5197402597402597,0.5242201834862386,-0.004479923745978831,0.04356054018440342,0.11743038990551309,-0.07386984972110967,0.64,0.7,-0.05999999999999994,0.5184662576687117,0.5367272727272727,-0.018261015058561036,0.02209616893255434,0.09086229098402161,-0.06876612205146727,0.58,0.67,-0.09000000000000008
P0006,0.5001519756838905,0.5039039039039039,-0.0037519282200134674,0.09592760063175756,0.10547938507334134,-0.009551784441583777,0.75,0.7,0.050000000000000044,0.5035527690700105,0.5036119711042312,-5.920203422071779e-05,0.06562339847074243,0.08538158607246409,-0.019758187601721655,0.6333333333333333,0.6333333333333333,0.0,0.5023411371237457,0.5091749174917493,-0.006833780368003528,0.04889279802835381,0.06381940612846967,-0.014926608100115868,0.62,0.62,0.0,0.503855421686747,0.5219367588932806,-0.0180813372065336,0.029432298952160183,0.03014792175811083,-0.0007156228059506456,0.57,0.59,-0.020000000000000018
P0007,0.474792531120332,0.47463617463617463,0.00015635648415734948,0.13497524940712127,0.11435947745738911,0.02061577194973216,0.8,0.85,-0.04999999999999993,0.4749293785310734,0.4745222929936305,0.0004070855374428972,0.11830963677507875,0.09389026993876856,0.024419366836310186,0.8,0.7,0.10000000000000009,0.4754424778761063,0.47574279379157436,-0.00030031591546808567,0.10455776555198071,0.07472382505746825,0.029833940494512462,0.72,0.68,0.039999999999999925,0.46853233830845775,0.4830673316708229,-0.014534993362365134,0.08475651517542217,0.04994079242704921,0.034815722748372954,0.63,0.59,0.040000000000000036
P0008,0.4467142857142858,0.44886685552407934,-0.0021525698097935586,0.09256227908929254,0.11525985842333256,-0.022697579334040013,0.7,0.75,-0.050000000000000044,0.44529411764705884,0.44956268221574347,-0.00426856456868463,0.07763294583566577,0.09282122036882742,-0.015188274533161655,0.6333333333333333,0.6666666666666666,-0.033333333333333326,0.44781250000000006,0.4502786377708978,-0.0024661377708977694,0.05886607549132183,0.05763864487186054,0.0012274306194612894,0.6,0.58,0.020000000000000018,0.45314814814814813,0.45241758241758245,0.0007305657305656799,0.029478433678304557,0.03331525492931297,-0.0038368212510084126,0.51,0.53,-0.020000000000000018
P0009,0.3851648351648352,0.3863028953229398,-0.0011380601581046368,0.08941031035959557,0.14281814254557942,-0.053407832185983856,0.6,0.7,-0.09999999999999998,0.3853932584269663,0.3878511769172361,-0.0024579184902697726,0.07678870862489508,0.13066507879889513,-0.05387637017400006,0.5666666666666667,0.6666666666666666,-0.09999999999999998,0.3872470588235294,0.3917422434367541,-0.004495184613224734,0.06314277116323776,0.11667456895685412,-0.05353179779361636,0.54,0.58,-0.039999999999999925,0.39181333333333335,0.3999728997289973,-0.008159566395663953,0.047625397519484164,0.10270197535851042,-0.05507657783902625,0.5,0.55,-0.050000000000000044
P0010,0.47551229508196724,0.47617107942973524,-0.0006587843477680044,0.09714017172923392,0.10799224560424447,-0.010852073875010554,0.75,0.75,0.0,0.4751743375174338,0.47706167706167707,-0.0018873395442432495,0.07715389905380976,0.09350867666059913,-0.01635477760678937,0.6666666666666666,0.7,-0.033333333333333326,0.4723144104803494,0.477006507592191,-0.004692097111841598,0.05584106275989606,0.07407958697987553,-0.01823852421997947,0.64,0.64,0.0,0.4691911764705883,0.48043795620437957,-0.01124677973379129,0.023785864985863363,0.055226169963743306,-0.031440304977879946,0.52,0.59,-0.06999999999999995
P0011,0.4640127388535032,0.4606865284974093,0.0033262103560938727,0.11079251206395384,0.1559873124070997,-0.045194800343145866,0.8,0.8,0.0,0.4645591397849462,0.46189851268591425,0.0026606270990319203,0.08957007577205682,0.14528362530775724,-0.055713549535700416,0.7,0.7333333333333333,-0.033333333333333326,0.4640000000000001,0.4639083557951483,9.164420485180402e-05,0.06788693365876385,0.1315359490293585,-0.06364901537059466,0.62,0.66,-0.040000000000000036,0.4602553191489362,0.46945086705202316,-0.009195547903086965,0.04350192043617998,0.11435412578067855,-0.07085220534449857,0.55,0.63,-0.07999999999999996
P0012,0.41300715990453457,0.40777511961722485,0.005232040287309725,0.12871321082491832,0.1270029090316346,0.001710301793283714,0.75,0.65,0.09999999999999998,0.4162999185004075,0.41021241830065364,0.006087500199753848,0.10758014126381653,0.1164412321428864,-0.008861090879069874,0.6666666666666666,0.6333333333333333,0.033333333333333326,0.42313624678663236,0.4145360824742269,0.008600164312405456,0.08333310027436609,0.10211697980274599,-0.0187838795283799,0.58,0.56,0.019999999999999907,0.43404129793510327,0.43251479289940825,0.0015265050356950138,0.0403437815946846,0.07561116714968877,-0.035267385555004166,0.51,0.55,-0.040000000000000036
P0013,0.5287136294027565,0.5263239875389408,0.002389641863815628,0.08282085917628963,0.1582375900583171,-0.07541673088202748,0.75,0.85,-0.09999999999999998,0.5291342664593054,0.5296940928270042,-0.0005598263676988013,0.061331297263408954,0.1420258958241603,-0.08069459856075135,0.6666666666666666,0.7666666666666667,-0.10000000000000009,0.5303370786516854,0.5384313725490196,-0.008094293897334182,0.043102573047832465,0.11801250430622134,-0.07490993125838888,0.64,0.72,-0.07999999999999996,0.5315706806282723,0.5543950177935943,-0.02282433716532206,0.026374480878229283,0.0902432882733141,-0.06386880739508481,0.59,0.69,-0.09999999999999998
P0014,0.4069148936170213,0.4072175732217574,-0.0003026796047360669,0.10528610055306226,0.15696919835092116,-0.0516830977978589,0.65,0.75,-0.09999999999999998,0.40913043478260874,0.41111111111111115,-0.0019806763285024065,0.08255413911681359,0.1451985574398764,-0.0626444183230628,0.6,0.6666666666666666,-0.06666666666666665,0.4131818181818182,0.4172767857142857,-0.004094967532467519,0.05895193447642237,0.12776476080654667,-0.0688128263301243,0.56,0.6,-0.039999999999999925,0.41720512820512823,0.42374371859296484,-0.006538590387836607,0.03539714568181255,0.09055831652421385,-0.055161170842401304,0.5,0.57,-0.06999999999999995
P0015,0.48777227722772276,0.4883548067393459,-0.000582529511623131,0.1125821487694515,0.12649764461189034,-0.01391549584243884,0.8,0.8,0.0,0.48833333333333334,0.4894227560894227,-0.0010894227560893643,0.09690487890480827,0.10932707084700984,-0.012422191942201566,0.7666666666666667,0.7333333333333333,0.03333333333333344,0.48881632653061224,0.4922982635342186,-0.0034819370036063835,0.08364543084228414,0.089007287045151,-0.00536185620286686,0.7,0.72,-0.020000000000000018,0.49310752688172044,0.49758880516684606,-0.004481278285125623,0.06916024129226354,0.06585366335243777,0.0033065779398257777,0.62,0.66,-0.040000000000000036
P0016,0.5064177362893816,0.504756242568371,0.001661493721010543,0.09622211790854326,0.1175248855663341,-0.021302767657790836,0.75,0.8,-0.050000000000000044,0.5083825265643447,0.5074207781789009,0.000961748385443828,0.0774396436360105,0.10146549297347174,-0.02402584933746124,0.7333333333333333,0.7333333333333333,0.0,0.5112212817412334,0.5111960542540074,2.5227487225998324e-05,0.05493611223391856,0.08726520251582391,-0.03232909028190535,0.68,0.7,-0.019999999999999907,0.5129729729729731,0.5173061760840999,-0.004333203111126838,0.03500013665044904,0.06979393040503538,-0.03479379375458634,0.61,0.64,-0.030000000000000027
P0017,0.44772727272727275,0.44929824561403514,-0.0015709728867623896,0.1042962216171369,0.14985208671105976,-0.04555586509392286,0.7,0.8,-0.10000000000000009,0.4498813760379597,0.4513690476190476,-0.0014876715810879237,0.08661387299035667,0.13866608972194863,-0.052052216731591966,0.6666666666666666,0.7,-0.033333333333333326,0.45221402214022133,0.4564814814814815,-0.00426745934126016,0.06400448516098507,0.1280459611841896,-0.06404147602320452,0.58,0.64,-0.06000000000000005,0.453780487804878,0.4644897959183674,-0.010709308113489413,0.03542334827503011,0.11633276030579913,-0.08090941203076901,0.54,0.61,-0.06999999999999995
P0018,0.4912244897959183,0.4904255319148936,0.0007989578810247422,0.1158796464504202,0.12056528992772075,-0.0046856434773005495,0.85,0.8,0.04999999999999993,0.49109965635738834,0.48962811327192085,0.001471543085467486,0.09510255108696929,0.0993748707746384,-0.004272319687669113,0.7333333333333333,0.7333333333333333,0.0,0.4907578947368421,0.48823406478578896,0.002523829951053158,0.0739676623211257,0.07943317722581711,-0.00546551490469141,0.68,0.64,0.040000000000000036,0.4878666666666667,0.49231532524807053,-0.004448658581403808,0.05300423463166777,0.05579077525060934,-0.0027865406189415687,0.64,0.6,0.040000000000000036
P0019,0.5147560975609756,0.5044578313253012,0.010298266235674425,0.09050300641490767,0.1827121840428451,-0.09220917762793741,0.75,0.8,-0.050000000000000044,0.5175833333333333,0.5076543209876544,0.00992901234567889,0.07140840092189589,0.17638065554377935,-0.10497225462188346,0.6666666666666666,0.7666666666666667,-0.10000000000000009,0.5179999999999999,0.5139220779220779,0.004077922077922014,0.05705214604571026,0.1652371586643708,-0.10818501261866054,0.66,0.7,-0.039999999999999925,0.5201515151515151,0.5451940298507463,-0.025042514699231133,0.04608596789803004,0.11975799462996263,-0.0736720267319326,0.59,0.68,-0.09000000000000008
P0020,0.40525946704067317,0.40440165061898214,0.0008578164216910267,0.11617306453605812,0.19869212918004772,-0.0825190646439896,0.7,0.8,-0.10000000000000009,0.4065908013276434,0.405718270571827,0.0008725307558163919,0.09869959242043694,0.190726829145621,-0.09202723672518406,0.6333333333333333,0.7666666666666667,-0.13333333333333341,0.4072913616398243,0.406025824964132,0.001265536675692347,0.08156673218576097,0.1845771138421692,-0.10301038165640825,0.56,0.74,-0.17999999999999994,0.405260663507109,0.4048995363214838,0.0003611271856251985,0.061973622153668716,0.17860254575631077,-0.11662892360264204,0.52,0.71,-0.18999999999999995
P0021,0.42304347826086963,0.4275652173913043,-0.004521739130434688,0.11479413644352549,0.14841534729235134,-0.033621210848825855,0.7,0.75,-0.050000000000000044,0.424306784660767,0.42814159292035403,-0.0038348082595870414,0.09739546388126524,0.13272941257408255,-0.03533394869281731,0.6666666666666666,0.7,-0.033333333333333326,0.42488073394495407,0.4305321100917431,-0.005651376146789011,0.07114550599521052,0.11942942092977302,-0.048283914934562494,0.58,0.64,-0.06000000000000005,0.4251515151515151,0.44442424242424244,-0.01927272727272733,0.04094745675711781,0.09971485517011895,-0.05876739841300114,0.53,0.57,-0.039999999999999925
P0022,0.3847826086956522,0.3806382978723404,0.004144310823311792,0.08776795320950588,0.11668113040610913,-0.028913177196603246,0.6,0.65,-0.050000000000000044,0.3869696969696969,0.38103703703703706,0.005932659932659845,0.069499720883889,0.11113737961089601,-0.041637658727007004,0.5333333333333333,0.6333333333333333,-0.09999999999999998,0.3918000000000001,0.3870243902439024,0.0047756097560976984,0.04686960635635849,0.10378883059527896,-0.05691922423892047,0.48,0.56,-0.08000000000000007,0.3892,0.4041290322580645,-0.014929032258064523,0.025729878870034865,0.07540674306097216,-0.049676864190937295,0.44,0.49,-0.04999999999999999
P0023,0.49370179948586124,0.4901015228426396,0.003600276643221656,0.15674278873987998,0.17601335276907518,-0.019270564029195192,0.8,0.85,-0.04999999999999993,0.4968337730870712,0.4930555555555555,0.003778217531515693,0.14529239895123588,0.1599997588732751,-0.014707359922039226,0.7666666666666667,0.8,-0.033333333333333326,0.5016713091922006,0.5033516483516484,-0.0016803391594477635,0.12888851193304185,0.1396572628570083,-0.010768750923966453,0.68,0.74,-0.05999999999999994,0.5187702265372168,0.5205732484076433,-0.0018030218704264689,0.09384854365360909,0.11957324348798797,-0.025724699834378875,0.65,0.71,-0.05999999999999994
P0024,0.4523341523341524,0.45528846153846153,-0.0029543092043091135,0.09306786717206503,0.1727420638874466,-0.07967419671538156,0.65,0.8,-0.15000000000000002,0.4537363560033586,0.4590311986863711,-0.005294842683012502,0.0708246172290466,0.16218689716589782,-0.09136227993685123,0.6,0.7333333333333333,-0.1333333333333333,0.45596816976127325,0.4673056994818653,-0.011337529720592043,0.04521307110235922,0.14716489929360269,-0.10195182819124346,0.54,0.74,-0.19999999999999996,0.46076452599388384,0.4858035714285715,-0.025039045434687657,0.031317105002760255,0.11831383603268347,-0.08699673102992322,0.51,0.68,-0.17000000000000004
P0025,0.5298128342245989,0.5346858638743456,-0.004873029649746674,0.1323389637733683,0.16874895620126992,-0.03640999242790163,0.8,0.8,0.0,0.5316849816849816,0.5395161290322581,-0.007831147347276524,0.11750236910959364,0.15277404634970626,-0.035271677240112626,0.7333333333333333,0.8,-0.06666666666666676,0.5347093023255813,0.5505681818181819,-0.015858879492600564,0.09694716449780474,0.1327151593943128,-0.03576799489650806,0.7,0.72,-0.020000000000000018,0.5479931972789116,0.5708609271523178,-0.02286772987340624,0.05927326278866502,0.10444073954143364,-0.045167476752768616,0.65,0.71,-0.05999999999999994
P0026,0.4902593486127865,0.49255319148936166,-0.002293842876575136,0.11108682440936078,0.1738881773856269,-0.06280135297626611,0.85,0.9,-0.050000000000000044,0.49053398058252423,0.49393579072532695,-0.003401810142802719,0.09337225078367527,0.1621796527518743,-0.06880740196819903,0.7333333333333333,0.8333333333333334,-0.10000000000000009,0.4901105651105651,0.4965222623345367,-0.006411697223971613,0.07362657330231284,0.15205194714551423,-0.07842537384320139,0.66,0.78,-0.12,0.48778833967046903,0.5034181141439206,-0.01562977447345154,0.05401603588501536,0.13828725944023437,-0.08427122355521902,0.59,0.77,-0.18000000000000005
P0027,0.3908015768725361,0.39289544235924934,-0.0020938654867132533,0.09944399329789874,0.10447331101201093,-0.005029317714112191,0.7,0.65,0.04999999999999993,0.3907678650687972,0.3942934782608695,-0.003525613192072341,0.08246454786230374,0.0834277485782113,-0.0009632007159075529,0.6333333333333333,0.6333333333333333,0.0,0.3905882352941176,0.3964804469273743,-0.00589221163325665,0.06330659613870952,0.062031830068922655,0.0012747660697868674,0.58,0.54,0.039999999999999925,0.39330396475770923,0.4021171171171171,-0.008813152359407883,0.04154268330777296,0.04698595510654829,-0.00544327179877533,0.48,0.5,-0.020000000000000018
P0028,0.45483870967741935,0.45509009009009005,-0.00025138041267069866,0.09929287672295693,0.18262041810542678,-0.08332754138246985,0.7,0.8,-0.10000000000000009,0.45451162790697675,0.4573939393939394,-0.002882311486962663,0.07660129834878406,0.17445116350462536,-0.0978498651558413,0.6666666666666666,0.7666666666666667,-0.10000000000000009,0.4548815165876777,0.4615555555555555,-0.006674038967877771,0.05390143883608707,0.16674383398746564,-0.11284239515137857,0.62,0.72,-0.09999999999999998,0.4546467661691542,0.47039805825242725,-0.015751292083273027,0.04076384606803873,0.156704337261666,-0.11594049119362726,0.55,0.7,-0.1499999999999999
P0029,0.4759225092250922,0.4806654676258993,-0.0047429584008070735,0.09564587924517198,0.1402698694999376,-0.04462399025476563,0.8,0.85,-0.04999999999999993,0.4753132832080201,0.4838827838827839,-0.008569500674763808,0.0790265942927523,0.13049755796185705,-0.05147096366910475,0.7,0.7666666666666667,-0.06666666666666676,0.473046875,0.4880988593155894,-0.015051984315589406,0.06462703809346654,0.11918208948903607,-0.05455505139556953,0.66,0.68,-0.020000000000000018,0.4658008658008658,0.49306722689075627,-0.027266361089890445,0.03894867528696831,0.1037644578236494,-0.06481578253668109,0.6,0.62,-0.020000000000000018
P0030,0.39850813743218805,0.39410420475319924,0.004403932678988809,0.10083305104642089,0.13771931859249623,-0.03688626754607534,0.65,0.75,-0.09999999999999998,0.39945255474452557,0.39535670356703567,0.004095851177489895,0.0806860811652028,0.11790315528168825,-0.03721707411648545,0.6,0.7,-0.09999999999999998,0.40083643122676577,0.3972932330827068,0.0035431981440589566,0.06016432896207823,0.09949215270788662,-0.03932782374580839,0.56,0.68,-0.12,0.40052631578947373,0.398905325443787,0.0016209903456867458,0.04426699725834865,0.08186849578930443,-0.037601498530955776,0.51,0.57,-0.05999999999999994
P0031,0.45871329211746525,0.46296724470134876,-0.004253952583883502,0.1563827677197936,0.14378740490584246,0.012595362813951128,0.8,0.75,0.050000000000000044,0.4581587794155676,0.4639716312056738,-0.0058128517901062104,0.14624874972395746,0.12892136646419347,0.01732738325976399,0.7666666666666667,0.7333333333333333,0.03333333333333344,0.45683346364347144,0.46541130604288505,-0.008577842399413615,0.13664520504707853,0.11386269743983216,0.02278250760724637,0.72,0.68,0.039999999999999925,0.4538237639553429,0.46770974155069583,-0.013885977595352927,0.12639276727836288,0.09508813137381457,0.03130463590454831,0.68,0.63,0.050000000000000044
P0032,0.5165430267062314,0.5220364741641338,-0.005493447457902367,0.09837737891826139,0.1212928777606963,-0.02291549884243492,0.85,0.75,0.09999999999999998,0.5171686746987951,0.5271090534979423,-0.00994037879914722,0.07925617849713978,0.09379228231875436,-0.014536103821614577,0.7666666666666667,0.7,0.06666666666666676,0.5169254658385093,0.534171974522293,-0.017246508683783746,0.05511017229714949,0.059056669140636536,-0.003946496843487045,0.66,0.66,0.0,0.5180976430976431,0.5392214532871974,-0.021123810189554337,0.0362313538878417,0.030228359641364583,0.006002994246477114,0.59,0.59,0.0
P0033,0.528927680798005,0.5363753213367609,-0.007447640538755906,0.09854855510141391,0.13809006787592087,-0.03954151277450696,0.75,0.85,-0.09999999999999998,0.5273657289002557,0.540457343887423,-0.013091614987167266,0.08488274899018708,0.1214310335474218,-0.03654828455723472,0.7,0.7666666666666667,-0.06666666666666676,0.5283018867924528,0.5485236768802229,-0.02022179008777003,0.06204142144468219,0.10128859935168125,-0.03924717790699905,0.7,0.7,0.0,0.5245482866043614,0.5718122977346278,-0.04726401113026646,0.03361683960701785,0.05725051725345699,-0.023633677646439144,0.61,0.66,-0.050000000000000044
P0034,0.492643391521197,0.49733009708737863,-0.004686705566181615,0.10487848335950208,0.1792450667341622,-0.07436658337466014,0.7,0.8,-0.10000000000000009,0.4947144075021313,0.502653399668325,-0.007938992166193704,0.08569407707067996,0.17100047630783966,-0.0853063992371597,0.6666666666666666,0.7666666666666667,-0.10000000000000009,0.4979514824797844,0.514607329842932,-0.016655847363147624,0.06287031804701844,0.15742438639926282,-0.09455406835224438,0.62,0.74,-0.12,0.5029595015576324,0.5410843373493975,-0.03812483579176518,0.03356717696235358,0.125947130313475,-0.0923799533511214,0.57,0.7,-0.13
P0035,0.477801724137931,0.49042316258351903,-0.012621438445588051,0.10177686206697356,0.17764118635420645,-0.07586432428723289,0.7,0.8,-0.10000000000000009,0.47745961820851684,0.496962794229309,-0.019503176020792157,0.08196980037501868,0.1613530751636965,-0.07938327478867784,0.6666666666666666,0.7666666666666667,-0.10000000000000009,0.47562211981566815,0.5034367541766109,-0.02781463436094278,0.06157835717949722,0.14903228874398766,-0.08745393156449044,0.58,0.74,-0.16000000000000003,0.4776822916666667,0.5214905149051491,-0.04380822323848238,0.03897238737980518,0.1234209776128476,-0.08444859023304241,0.55,0.67,-0.12
P0036,0.5160526315789474,0.5271164021164021,-0.011063770537454665,0.07741003177489712,0.117677670225047,-0.040267638450149884,0.75,0.8,-0.050000000000000044,0.5145945945945946,0.5323369565217391,-0.017742361927144512,0.058434796450805376,0.10109113641298449,-0.042656339962179116,0.6666666666666666,0.7,-0.033333333333333326,0.5146857142857143,0.5402873563218391,-0.025601642036124805,0.04355998913063713,0.0819091742642004,-0.038349185133563266,0.6,0.7,-0.09999999999999998,0.5155,0.5543624161073825,-0.0388624161073825,0.03347760445432141,0.04976889068553231,-0.0162912862312109,0.58,0.65,-0.07000000000000006
P0037,0.4550913838120105,0.45607594936708856,-0.0009845655550780874,0.10629742746195807,0.11665612911262632,-0.010358701650668253,0.65,0.7,-0.04999999999999993,0.4563002680965147,0.4585281385281385,-0.002227870431623813,0.087188313463986,0.1010914370530594,-0.01390312358907339,0.6666666666666666,0.6666666666666666,0.0,0.4597167138810198,0.45846575342465756,0.001250960456362249,0.06076872218502122,0.08114152732916151,-0.02037280514414029,0.58,0.66,-0.08000000000000007,0.46247524752475244,0.44777777777777783,0.014697469746974612,0.03497493512481384,0.04716887743243771,-0.01219394230762387,0.53,0.54,-0.010000000000000009
P0038,0.4785182119205298,0.4744983277591973,0.0040198841613324765,0.09622445304438051,0.13902791699111813,-0.04280346394673762,0.75,0.85,-0.09999999999999998,0.479827490261547,0.4750421585160202,0.004785331745526755,0.07662327237950249,0.1249512668835704,-0.04832799450406791,0.7,0.8,-0.10000000000000009,0.48264855687606106,0.47694682675814754,0.005701730117913528,0.05731200538643581,0.10456612434039204,-0.04725411895395623,0.64,0.7,-0.05999999999999994,0.4870833333333333,0.4829749103942652,0.0041084229390681015,0.03553921226964725,0.07289042260427119,-0.037351210334623935,0.56,0.62,-0.05999999999999994
P0039,0.5075000000000001,0.5070175438596491,0.00048245614035091755,0.12131148862629325,0.12073916953761957,0.0005723190886736812,0.85,0.75,0.09999999999999998,0.5096124031007752,0.5121076233183856,-0.0024952202176103944,0.10469892679736349,0.1010551822134764,0.0036437445838870958,0.8666666666666667,0.6666666666666666,0.20000000000000007,0.5120975609756098,0.5206103286384977,-0.008512767662887888,0.08190410957200418,0.08237440738427668,-0.0004702978122724938,0.72,0.66,0.05999999999999994,0.5154722222222222,0.5307712765957446,-0.015299054373522414,0.05828378186421212,0.06246012195425586,-0.004176340090043744,0.62,0.63,-0.010000000000000009
P0040,0.41976744186046516,0.41970954356846474,5.789829200042451e-05,0.11492873440885737,0.13602049619854623,-0.021091761789688857,0.65,0.7,-0.04999999999999993,0.4205903527717783,0.4196327683615819,0.0009575844101963882,0.08773247800391715,0.1193818699215707,-0.03164939191765355,0.6333333333333333,0.6333333333333333,0.0,0.42203160270880363,0.42300884955752216,-0.000977246848718527,0.0630341116142873,0.09738969213461306,-0.03435558052032575,0.56,0.58,-0.019999999999999907,0.42389312977099236,0.43733830845771143,-0.013445178686719073,0.03615571044928552,0.07192886186558207,-0.035773151416296556,0.53,0.53,0.0
P0041,0.4403394255874673,0.4302564102564102,0.010083015331057099,0.11442050468381203,0.12103161654087892,-0.0066111118570668925,0.75,0.75,0.0,0.4444146559428061,0.43271929824561406,0.011695357697192044,0.08962865634276704,0.10088600266642773,-0.011257346323660697,0.6666666666666666,0.6333333333333333,0.033333333333333326,0.4488385269121813,0.4368888888888889,0.011949638023292408,0.05874089154958106,0.08046592714993574,-0.02172503560035468,0.62,0.56,0.05999999999999994,0.45458745874587464,0.44706451612903225,0.007522942616842387,0.03238197316333995,0.0638503469482432,-0.03146837378490325,0.53,0.53,0.0
P0042,0.48372093023255813,0.49369369369369365,-0.009972763461135514,0.08416548637540859,0.13230750373964464,-0.04814201736423605,0.65,0.75,-0.09999999999999998,0.4813008130081301,0.4987421383647798,-0.017441325356649717,0.07185078654958693,0.11762183373646248,-0.04577104718687555,0.6,0.7,-0.09999999999999998,0.4775135135135135,0.5168750000000001,-0.039361486486486574,0.059586694334467644,0.08823869734041484,-0.028652003005947196,0.56,0.64,-0.07999999999999996,0.47607407407407415,0.5361971830985917,-0.06012310902451751,0.03791015297010467,0.04984104867386055,-0.011930895703755877,0.54,0.61,-0.06999999999999995
P0043,0.5710309278350514,0.5739039665970772,-0.0028730387620258258,0.08764366157688208,0.1404124522553394,-0.05276879067845733,0.75,0.9,-0.15000000000000002,0.5743859649122806,0.5798152096659558,-0.005429244753675233,0.06614756347662024,0.12265353273946336,-0.056505969262843125,0.7333333333333333,0.8,-0.06666666666666676,0.5778901098901099,0.5900222717149219,-0.012132161824812027,0.05072603652274249,0.0991916075335222,-0.04846557101077971,0.68,0.76,-0.07999999999999996,0.5804197530864197,0.6045864661654136,-0.024166713078993873,0.028268057354648542,0.055375382615316666,-0.027107325260668124,0.65,0.71,-0.05999999999999994
P0044,0.47767441860465115,0.4812128418549347,-0.003538423250283529,0.1035775680415705,0.14031628491128728,-0.036738716869716775,0.75,0.85,-0.09999999999999998,0.47964705882352937,0.48399518652226226,-0.004348127698732884,0.0799681693692216,0.12311106467786626,-0.04314289530864465,0.7,0.7666666666666667,-0.06666666666666676,0.4818072289156627,0.48880394574599256,-0.006996716830329874,0.06011323808884289,0.10526427213508971,-0.04515103404624682,0.62,0.74,-0.12,0.4829871794871795,0.4947437582128778,-0.011756578725698297,0.03468798417162436,0.08583496551328545,-0.051146981341661096,0.54,0.67,-0.13
P0045,0.4967657342657342,0.5006861063464837,-0.003920372080749468,0.13520585579494726,0.1689678359958915,-0.03376198020094423,0.85,0.8,0.04999999999999993,0.4987544483985765,0.5031995346131473,-0.004445086214570737,0.11779420653789832,0.15719891991521381,-0.03940471337731549,0.8333333333333334,0.8,0.033333333333333326,0.5022509225092251,0.5064737793851719,-0.004222856875946812,0.09992666937267801,0.14491017277347665,-0.04498350340079864,0.72,0.74,-0.020000000000000018,0.5047764227642276,0.5113320079522863,-0.006555585188058655,0.0748694718700332,0.12185615117779137,-0.04698667930775817,0.67,0.65,0.020000000000000018
P0046,0.3996749729144095,0.394496855345912,0.005178117568497509,0.103591531024366,0.16265166600905123,-0.059060134984685236,0.65,0.75,-0.09999999999999998,0.4008397225264695,0.39417372881355933,0.0066659937129101565,0.08165279249305564,0.15060361896145802,-0.06895082646840238,0.6666666666666666,0.7333333333333333,-0.06666666666666665,0.40398656215005596,0.39361471861471864,0.010371843535337322,0.05948084316889467,0.13692481758544822,-0.07744397441655355,0.56,0.68,-0.12,0.407497034400949,0.38881006864988565,0.018686965751063322,0.04151660392715342,0.11917701423689434,-0.07766041030974091,0.49,0.63,-0.14
P0047,0.4482213438735178,0.45219047619047614,-0.003969132316958335,0.08624121894334705,0.16610370227450394,-0.07986248333115689,0.7,0.75,-0.050000000000000044,0.4476478494623656,0.45559870550161813,-0.007950856039252552,0.06926279500107435,0.15950450081554765,-0.0902417058144733,0.6,0.6666666666666666,-0.06666666666666665,0.4468487394957983,0.4633131313131314,-0.016464391817333113,0.05225328402778566,0.15005565610325627,-0.09780237207547061,0.56,0.66,-0.09999999999999998,0.44368544600938964,0.47887640449438207,-0.03519095848499243,0.039596374667043785,0.13154772878643742,-0.09195135411939363,0.53,0.6,-0.06999999999999995
P0048,0.5080034423407916,0.5172321428571428,-0.009228700516351163,0.09396857416898305,0.12182547397688989,-0.027856899807906843,0.7,0.75,-0.050000000000000044,0.5084063047285463,0.5215151515151515,-0.013108846786605177,0.0703545736357664,0.09906495814387523,-0.028710384508108824,0.6666666666666666,0.7666666666666667,-0.10000000000000009,0.5085662431941923,0.5289056603773585,-0.02033941718316623,0.044688218809944384,0.07598864467078963,-0.03130042586084524,0.6,0.66,-0.06000000000000005,0.5091816367265469,0.5390625,-0.029880863273453073,0.033900302080563556,0.04666096970434712,-0.012760667623783563,0.59,0.61,-0.020000000000000018
P0049,0.4518218623481781,0.4537037037037037,-0.0018818413555256042,0.1085733797636087,0.12874384076914197,-0.02017046100553327,0.65,0.7,-0.04999999999999993,0.45275482093663905,0.45725646123260427,-0.004501640295965226,0.09193479711840895,0.11377329063986785,-0.021838493521458904,0.6333333333333333,0.6666666666666666,-0.033333333333333326,0.4574568965517241,0.46165631469979296,-0.004199418148068845,0.07653879929333333,0.10092199135987037,-0.024383192066537038,0.6,0.66,-0.06000000000000005,0.4668357487922706,0.4733949191685913,-0.0065591703763207,0.062437501716312904,0.08065994350907538,-0.018222441792762473,0.55,0.6,-0.04999999999999993
P0050,0.48441226575809204,0.4850694444444444,-0.0006571786863523443,0.10514751730162716,0.12427985069423059,-0.019132333392603423,0.75,0.75,0.0,0.4856730213749278,0.4888103651354534,-0.0031373437605256016,0.08638722312102881,0.10417491445577977,-0.017787691334750957,0.7,0.7333333333333333,-0.033333333333333326,0.48829443447037707,0.4946153846153846,-0.006320950145007553,0.06405338483687484,0.07818182562815801,-0.01412844079128317,0.62,0.66,-0.040000000000000036,0.4924063116370808,0.5023991935483871,-0.009992881911306317,0.03825751785198298,0.043478882519633465,-0.005221364667650483,0.56,0.6,-0.039999999999999925
P0051,0.44049520766773165,0.43833063209076173,0.002164575576969918,0.09420888426680962,0.1342545331128557,-0.040045648846046084,0.65,0.75,-0.09999999999999998,0.44150432900432907,0.43876990664470067,0.0027344223596283967,0.0776409181721978,0.12030571054250269,-0.04266479237030489,0.6333333333333333,0.7,-0.06666666666666665,0.44510067114093954,0.4397614991482112,0.00533917199272832,0.059037213263204935,0.10539425948149998,-0.04635704621829505,0.6,0.64,-0.040000000000000036,0.45042124542124545,0.44426443202979515,0.0061568133914503,0.03830194080606356,0.08638114891351979,-0.04807920810745623,0.54,0.58,-0.039999999999999925
P0052,0.3344733242134063,0.33381742738589215,0.0006558968275141575,0.10183858522984883,0.1316753620415073,-0.029836776811658458,0.55,0.75,-0.19999999999999996,0.33430420711974107,0.3341280972417017,0.0001761098780393433,0.08331611795839697,0.10727470072493916,-0.023958582766542197,0.5333333333333333,0.6666666666666666,-0.1333333333333333,0.334265335235378,0.33546897546897547,-0.0012036402335974805,0.05798994757254734,0.07723740675894317,-0.019247459186395824,0.46,0.54,-0.08000000000000002,0.33588325652841783,0.3380715396578538,-0.002188283129435975,0.04031304400428207,0.03827559693390242,0.0020374470703796443,0.43,0.47,-0.03999999999999998
P0053,0.553670745272525,0.5507230255839822,0.0029477196885427936,0.09514280900430033,0.16480355391513685,-0.06966074491083651,0.85,0.85,0.0,0.5538057742782151,0.5526434195725534,0.0011623547056617278,0.07563142043941679,0.15736971851651388,-0.0817382980770971,0.7333333333333333,0.8333333333333334,-0.10000000000000009,0.5547295742232451,0.5554890678941311,-0.0007594936708860134,0.05931194910963137,0.15100399382819513,-0.09169204471856376,0.7,0.8,-0.10000000000000009,0.5543101343101343,0.5622344322344323,-0.00792429792429794,0.04142877474834655,0.1394845341732111,-0.09805575942486455,0.64,0.77,-0.13
P0054,0.475796178343949,0.4777960526315789,-0.0019998742876299325,0.09309010352303825,0.17322999006552675,-0.0801398865424885,0.7,0.75,-0.050000000000000044,0.4767543859649123,0.48616780045351476,-0.009413414488602445,0.07340302446923525,0.15994819349367198,-0.08654516902443674,0.6666666666666666,0.7333333333333333,-0.06666666666666665,0.4787323943661972,0.5051824817518249,-0.026450087385627707,0.054422177994336955,0.1362297447063086,-0.08180756671197165,0.58,0.68,-0.10000000000000009,0.47623931623931626,0.5347767857142857,-0.058537469474969406,0.033172084230298896,0.09261548869822599,-0.05944340446792709,0.56,0.64,-0.07999999999999996
P0055,0.38034398034398037,0.37272727272727274,0.00761670761670763,0.11284517717508041,0.13178105400245285,-0.01893587682737244,0.7,0.6,0.09999999999999998,0.3835432409739714,0.3752450980392157,0.008298142934755726,0.08885933652381717,0.11652626871010757,-0.027666932186290405,0.6,0.5666666666666667,0.033333333333333326,0.3853050397877984,0.3811855670103093,0.004119472777489086,0.065011525614034,0.1005430440618076,-0.035531518447773594,0.54,0.54,0.0,0.3847400611620794,0.3908284023668639,-0.006088341204784464,0.045337770915164013,0.07636660348749838,-0.031028832572334367,0.49,0.49,0.0
P0056,0.5114157806379407,0.5079065841305571,0.003509196507383572,0.09679277120111437,0.10454341733205973,-0.007750646130945352,0.75,0.8,-0.050000000000000044,0.5118927030575877,0.5089039803810602,0.0029887226765275,0.08122660902243634,0.08623388101364414,-0.005007271991207804,0.7333333333333333,0.7666666666666667,-0.03333333333333344,0.5130677290836654,0.5110589582140813,0.0020087708695840645,0.06602790384865441,0.06792003837346176,-0.001892134524807354,0.68,0.68,0.0,0.5150908025776215,0.5146199175014732,0.00047088507614834185,0.05089049390609343,0.04980799815780781,0.0010824957482856237,0.65,0.61,0.040000000000000036
P0057,0.4906605922551253,0.502375296912114,-0.011714704656988706,0.07488348471472553,0.11084457354678814,-0.035961088832062615,0.75,0.7,0.050000000000000044,0.49090909090909096,0.5063260340632604,-0.015416943154169416,0.05628328901507157,0.09634012414138869,-0.04005683512631712,0.6666666666666666,0.7,-0.033333333333333326,0.49129584352078237,0.5109462915601023,-0.019650448039319923,0.04168261740786709,0.07508477514193194,-0.03340215773406485,0.62,0.66,-0.040000000000000036,0.49593314763231205,0.5137536656891496,-0.017820518056837542,0.02955860971355489,0.04353834417210812,-0.01397973445855323,0.56,0.58,-0.019999999999999907
P0058,0.5162608695652173,0.522262118491921,-0.006001248926703617,0.09070219660410145,0.13765117187279463,-0.04694897526869318,0.7,0.85,-0.15000000000000002,0.5168731563421828,0.5237659963436929,-0.0068928400015101365,0.06906067784458911,0.11797548989206523,-0.04891481204747612,0.6666666666666666,0.8,-0.13333333333333341,0.5201467889908257,0.5295256166982922,-0.009378827707466564,0.047868095844530556,0.0903270612636999,-0.04245896541916934,0.62,0.68,-0.06000000000000005,0.524929292929293,0.5389727463312368,-0.014043453401943795,0.028588778092695475,0.06012559610974351,-0.03153681801704804,0.58,0.65,-0.07000000000000006
P0059,0.4296714579055442,0.4261761761761762,0.0034952817293679717,0.09783327637177608,0.14496208814718758,-0.047128811775411505,0.7,0.75,-0.050000000000000044,0.42918395573997237,0.4273340074148972,0.0018499483250751791,0.07705283584697414,0.13319829528301838,-0.05614545943604424,0.7,0.7,0.0,0.42953389830508476,0.4295975232198142,-6.36249147294432e-05,0.05871320444609237,0.1189736944590094,-0.060260490012917035,0.62,0.64,-0.020000000000000018,0.4265659955257271,0.4358324265505985,-0.009266431024871402,0.04002736209368475,0.09520459724139586,-0.05517723514771111,0.51,0.6,-0.08999999999999997
P0060,0.4683778857837181,0.47223247232472326,-0.0038545865410051783,0.10961261999032638,0.13465777342700316,-0.02504515343667678,0.75,0.8,-0.050000000000000044,0.4682151589242054,0.47380363036303635,-0.005588471438830955,0.09010569662655285,0.11840384617866419,-0.028298149552111337,0.7,0.7,0.0,0.46876237623762373,0.47576441102756895,-0.007002034789945211,0.0739644882030936,0.10570733056856231,-0.031742842365468704,0.68,0.66,0.020000000000000018,0.4700446998722861,0.47974773609314364,-0.009703036220857553,0.054217390756236085,0.09133762912882469,-0.037120238372588606,0.6,0.63,-0.030000000000000027
P0061,0.4718631832244758,0.47393147896879245,-0.0020682957443166616,0.09838765756360741,0.12515137938021534,-0.026763721816607924,0.8,0.85,-0.04999999999999993,0.4724847648614464,0.47449512139777633,-0.002010356536329916,0.08363846922284116,0.10671776449946498,-0.02307929527662382,0.7,0.7666666666666667,-0.06666666666666676,0.47323376172282045,0.4759150102810144,-0.0026812485581939605,0.07050897597029393,0.09132057379136345,-0.02081159782106952,0.68,0.7,-0.019999999999999907,0.4740509013785791,0.47862622036262203,-0.004575318984042953,0.05848317372042485,0.07643236430915432,-0.017949190588729465,0.61,0.61,0.0
P0062,0.44419525065963067,0.44452054794520546,-0.0003252972855747882,0.10085033650524985,0.14469184161464232,-0.04384150510939247,0.75,0.8,-0.050000000000000044,0.4444295900178252,0.4470833333333333,-0.0026537433155080503,0.08424731370881908,0.13094202550445705,-0.04669471179563797,0.6666666666666666,0.8,-0.13333333333333341,0.4437362637362637,0.4509714285714286,-0.007235164835164898,0.06650866838732916,0.11767594382498933,-0.05116727543766017,0.64,0.72,-0.07999999999999996,0.4389675516224189,0.46383076923076927,-0.024863217608350363,0.04989779060814987,0.09781899598918076,-0.04792120538103089,0.55,0.65,-0.09999999999999998
P0063,0.553409090909091,0.5569542253521127,-0.0035451344430217357,0.09438661263456856,0.15966531241690743,-0.06527869978233887,0.8,0.85,-0.04999999999999993,0.553973902728351,0.560573476702509,-0.006599573974158002,0.07382280913182528,0.14573011256532678,-0.0719073034335015,0.7333333333333333,0.7666666666666667,-0.03333333333333344,0.5544280442804428,0.5705947955390335,-0.016166751258590684,0.056561573634777165,0.12106720049671015,-0.06450562686193298,0.68,0.74,-0.05999999999999994,0.5541666666666666,0.5916598360655738,-0.03749316939890723,0.037268481346803196,0.06824731323581576,-0.030978831889012563,0.61,0.68,-0.07000000000000006
P0064,0.4613577023498695,0.46019021739130433,0.001167484958565168,0.09812995585965814,0.17429428110537562,-0.07616432524571748,0.7,0.75,-0.050000000000000044,0.46318141197497764,0.4674115456238361,-0.004230133648858436,0.08325594712474026,0.16356348726720438,-0.08030754014246412,0.6666666666666666,0.7,-0.033333333333333326,0.46549575070821536,0.4809467455621302,-0.015450994853914823,0.06290732973921262,0.15045981831465322,-0.0875524885754406,0.58,0.66,-0.08000000000000007,0.4674587458745874,0.5131597222222222,-0.04570097634763476,0.03989024688375558,0.11453142237409762,-0.07464117549034205,0.55,0.64,-0.08999999999999997
P0065,0.49875311720698257,0.5096199524940618,-0.010866835287079213,0.09682460372648963,0.12925457022843856,-0.03242996650194893,0.75,0.75,0.0,0.49786871270247235,0.5109489051094891,-0.013080192407016744,0.07350676103177424,0.11358943601318942,-0.040082674981415184,0.7,0.7666666666666667,-0.06666666666666676,0.49746630727762803,0.5179028132992327,-0.020436506021604683,0.04505816333506394,0.09560522392207554,-0.050547060587011604,0.6,0.68,-0.08000000000000007,0.5007788161993769,0.5319061583577712,-0.0311273421583943,0.032194177989473986,0.058346246227826415,-0.02615206823835243,0.58,0.61,-0.030000000000000027
P0066,0.4570652173913044,0.46074074074074073,-0.003675523349436327,0.09148832580780038,0.15060190166341356,-0.05911357585561318,0.7,0.75,-0.050000000000000044,0.4580967402733964,0.4637092731829574,-0.0056125329095609855,0.07412408316777018,0.13753872645820794,-0.06341464329043776,0.6333333333333333,0.7,-0.06666666666666665,0.45882736156351794,0.47110077519379845,-0.012273413630280505,0.05569746835347667,0.12103249899656109,-0.06533503064308441,0.6,0.68,-0.08000000000000007,0.4610460992907801,0.48566386554621854,-0.024617766255438434,0.037252321585478025,0.10070017710556008,-0.06344785552008206,0.54,0.62,-0.07999999999999996
P0067,0.3674934725848564,0.373989898989899,-0.00649642640504261,0.1047537674027483,0.11267070056876571,-0.00791693316601741,0.7,0.7,0.0,0.3660411081322609,0.37400690846286705,-0.007965800330606176,0.08791885378959637,0.08942795209908919,-0.0015090983094928206,0.5666666666666667,0.6,-0.033333333333333326,0.364985835694051,0.37797814207650277,-0.012992306382451746,0.06150208843222652,0.061308674921187425,0.00019341351103909638,0.5,0.5,0.0,0.3674257425742574,0.3731645569620254,-0.005738814387767965,0.031726558572243886,0.03178425307901791,-5.769450677402255e-05,0.42,0.46,-0.040000000000000036
P0068,0.45006090133982946,0.4443558282208589,0.005705073118970561,0.09268295568212331,0.13077886927971552,-0.03809591359759221,0.7,0.75,-0.050000000000000044,0.45018495684340326,0.4445962732919254,0.005588683551477847,0.07464328129276722,0.11349333736331485,-0.03885005607054763,0.6666666666666666,0.7,-0.033333333333333326,0.45160556257901396,0.44738853503184717,0.004217027547166796,0.057739343405479544,0.09738718115474891,-0.03964783774926937,0.6,0.6,0.0,0.45620782726045883,0.452734693877551,0.0034731333829078337,0.038149574128820585,0.08033097576329545,-0.04218140163447487,0.53,0.59,-0.05999999999999994
P0069,0.47893030794165314,0.4786046511627908,0.000325656778862371,0.08281018504722164,0.12789133096698235,-0.045081145919760715,0.75,0.8,-0.050000000000000044,0.4792421746293245,0.4821522309711285,-0.0029100563418040237,0.0669216193071498,0.1101494471626883,-0.04322782785553851,0.7333333333333333,0.7,0.033333333333333326,0.4810902896081771,0.4865040650406504,-0.005413775432473289,0.049310444703081074,0.09004049441158099,-0.040730049708499916,0.64,0.64,0.0,0.4812849162011173,0.4938761061946902,-0.012591189993572893,0.029223769305216665,0.04498202841595188,-0.015758259110735213,0.56,0.58,-0.019999999999999907
P0070,0.38048469387755096,0.3740691489361702,0.006415544941380746,0.09310691555897602,0.0991274995945698,-0.006020584035593787,0.6,0.6,0.0,0.38464223385689356,0.3747723132969035,0.00986992055999003,0.07091422841458425,0.08092809260903894,-0.010013864194454686,0.5666666666666667,0.5333333333333333,0.033333333333333326,0.38817679558011053,0.3726589595375722,0.015517836042538313,0.050516576927062525,0.06364991309552376,-0.013133336168461233,0.5,0.48,0.020000000000000018,0.3902564102564103,0.3821959459459459,0.008060464310464366,0.027906637340005005,0.038461661989884224,-0.01055502464987922,0.47,0.43,0.03999999999999998
P0071,0.47321981424148607,0.47193251533742336,0.0012872989040627059,0.09135802724993326,0.14250909469780232,-0.051151067447869056,0.65,0.75,-0.09999999999999998,0.47263045793397235,0.4714135021097047,0.0012169558242676737,0.0765788919836751,0.13241497779221473,-0.05583608580853963,0.6333333333333333,0.7,-0.06666666666666665,0.47235494880546075,0.4677702702702703,0.004584678535190456,0.0531748062353916,0.11634246364020706,-0.06316765740481546,0.58,0.66,-0.08000000000000007,0.4759670781893004,0.4510162601626016,0.024950818026698796,0.02833135335315006,0.07433296697636622,-0.04600161362321616,0.53,0.6,-0.06999999999999995
P0072,0.45552941176470585,0.4647268408551069,-0.009197429090401055,0.08594808121395067,0.15518507521457958,-0.06923699400062891,0.65,0.75,-0.09999999999999998,0.45638554216867466,0.47315490673154903,-0.016769364562874367,0.06916059114803515,0.13596777189032863,-0.06680718074229348,0.6,0.7,-0.09999999999999998,0.4569620253164557,0.4833759590792839,-0.02641393376282819,0.048500409247385905,0.12093776520900196,-0.07243735596161605,0.54,0.66,-0.12,0.4536811594202898,0.5040175953079179,-0.050336435887628095,0.035198193610444746,0.09672944846668499,-0.061531254856240246,0.52,0.64,-0.12
P0073,0.4128260869565218,0.4257990867579909,-0.012972999801469098,0.10020984598588195,0.11814268827856651,-0.01793284229268456,0.65,0.7,-0.04999999999999993,0.41696969696969693,0.4248803827751196,-0.007910685805422646,0.07152670682197708,0.10372026667611486,-0.032193559854137785,0.6,0.6666666666666666,-0.06666666666666665,0.42060000000000003,0.4213756613756613,-0.0007756613756612629,0.03979497455709703,0.08719140072284834,-0.04739642616575131,0.52,0.6,-0.07999999999999996,0.4264,0.3992086330935252,0.02719136690647478,0.024987463523401757,0.038479458188078915,-0.013491994664677157,0.47,0.48,-0.010000000000000009
P0074,0.5747899159663866,0.573125,0.0016649159663866264,0.09912939290123655,0.13980874212652084,-0.04067934922528428,0.8,0.9,-0.09999999999999998,0.5755771567436209,0.5764978902953586,-0.000920733551737718,0.08534581506062552,0.1234768223741698,-0.03813100731354428,0.8,0.8666666666666667,-0.06666666666666665,0.5776089663760897,0.582,-0.004391033623910245,0.07100251004492773,0.10385129228416423,-0.0328487822392365,0.76,0.78,-0.020000000000000018,0.5850464807436918,0.5912777777777778,-0.006231297034085981,0.044656329300324024,0.07310783933915369,-0.02845151003882966,0.69,0.71,-0.020000000000000018
P0075,0.4233727810650888,0.4205882352941176,0.002784545770971203,0.10851819346258959,0.14227224140329212,-0.033754047940702525,0.65,0.7,-0.04999999999999993,0.423170731707317,0.4225744476464937,0.0005962840608232933,0.08242414997062812,0.1254112689209922,-0.04298711895036407,0.5666666666666667,0.6,-0.033333333333333326,0.4233116883116883,0.4310091743119266,-0.007697486000238285,0.05886982331508736,0.10031703524871506,-0.0414472119336277,0.58,0.6,-0.020000000000000018,0.42065891472868217,0.43458483754512633,-0.01392592281644417,0.03261164392900822,0.06738212749565003,-0.034770483566641815,0.5,0.56,-0.06000000000000005
P0076,0.5469277108433734,0.550377358490566,-0.0034496476471925774,0.11535521704534667,0.15303999885117728,-0.03768478180583061,0.9,0.8,0.09999999999999998,0.5478861788617886,0.5527813163481953,-0.0048951374864066866,0.09863363569705294,0.14066259497118633,-0.04202895927413339,0.8,0.7666666666666667,0.033333333333333326,0.5504000000000001,0.5592941176470587,-0.008894117647058608,0.07681692521833973,0.12539932984742078,-0.04858240462908105,0.76,0.74,0.020000000000000018,0.5507466666666666,0.5766293706293707,-0.02588270396270409,0.05214571719923144,0.08980925227786273,-0.03766353507863129,0.66,0.7,-0.039999999999999925
P0077,0.4604340567612687,0.44924496644295303,0.011189090318315664,0.11547453914487522,0.12289953497121058,-0.007424995826335351,0.75,0.7,0.050000000000000044,0.4632144878324844,0.448122866894198,0.01509162093828642,0.08855121512396677,0.10536105140540448,-0.016809836281437715,0.6666666666666666,0.6666666666666666,0.0,0.4653075571177504,0.44830388692579504,0.017003670191955367,0.07151352911323257,0.08590992624014947,-0.014396397126916899,0.62,0.6,0.020000000000000018,0.4664739884393064,0.4511434108527132,0.015330577586593175,0.04958104629709914,0.07372462626964373,-0.024143579972544585,0.56,0.57,-0.009999999999999898
P0078,0.5130337078651686,0.512647374062165,0.000386333803003569,0.09342911143631746,0.16878851149950677,-0.07535940006318931,0.75,0.9,-0.15000000000000002,0.5142045454545454,0.5143373058866016,-0.00013276043205623367,0.07454575287880681,0.15631732520656003,-0.08177157232775321,0.7333333333333333,0.8,-0.06666666666666676,0.5163488372093024,0.5168106312292359,-0.00046179401993351465,0.05851788981910127,0.1454926888214232,-0.08697479900232191,0.64,0.76,-0.12,0.5202098765432099,0.5197772567409145,0.00043261980229547525,0.03820452304984634,0.13393082184322738,-0.09572629879338104,0.61,0.73,-0.12
P0079,0.41446384039900247,0.4131578947368421,0.0013059456621603571,0.13166031375728904,0.16042058640628482,-0.028760272648995777,0.7,0.75,-0.050000000000000044,0.4150895140664962,0.4153153153153153,-0.0002258012488191019,0.10813559473831295,0.15208157179670334,-0.04394597705839039,0.6,0.7666666666666667,-0.16666666666666674,0.4184905660377358,0.4176571428571429,0.0008334231805929293,0.0857369310132558,0.14424660290273597,-0.05850967188948017,0.58,0.68,-0.10000000000000009,0.4222118380062305,0.43110000000000004,-0.008888161993769517,0.06722653373523549,0.12786629735782606,-0.060639763622590576,0.53,0.64,-0.10999999999999999
P0080,0.5755045871559633,0.5728323699421966,0.002672217213766759,0.09286950733045823,0.1743246612132091,-0.08145515388275087,0.8,0.85,-0.04999999999999993,0.5754517133956386,0.5769482645710543,-0.0014965511754156946,0.08263368918573934,0.15917390479138352,-0.07654021560564418,0.7333333333333333,0.7666666666666667,-0.03333333333333344,0.574757281553398,0.5853578732106339,-0.010600591657235925,0.07239380786954619,0.13787729327334775,-0.06548348540380156,0.72,0.76,-0.040000000000000036,0.5723655913978494,0.6110478359908884,-0.03868224459303904,0.05929329051350638,0.0918292710620686,-0.03253598054856222,0.68,0.71,-0.029999999999999916
P0081,0.4585365853658536,0.4531666666666667,0.005369918699186904,0.0993285009477914,0.13921795462112238,-0.03988945367333098,0.65,0.7,-0.04999999999999993,0.4560770156438027,0.4562068965517242,-0.00012988090792148688,0.08071191760452774,0.1272528003679279,-0.04654088276340017,0.6,0.6666666666666666,-0.06666666666666665,0.4493385214007783,0.46518518518518526,-0.015846663784406967,0.0671135731932309,0.11192492094555802,-0.04481134775232712,0.6,0.66,-0.06000000000000005,0.4348309178743962,0.47645454545454546,-0.04162362758014926,0.04104722637252501,0.09135929433372952,-0.050312067961204514,0.51,0.6,-0.08999999999999997
P0082,0.4872699386503068,0.4959420289855072,-0.008672090335200389,0.09175638332885254,0.1729062646334898,-0.08114988130463725,0.75,0.75,0.0,0.48776371308016875,0.5038805970149254,-0.01611688393475663,0.07541301472657853,0.15717721090171094,-0.0817641961751324,0.6333333333333333,0.7,-0.06666666666666665,0.4841891891891892,0.5175873015873016,-0.03339811239811241,0.05313182882677503,0.13547525222613332,-0.0823434233993583,0.58,0.68,-0.10000000000000009,0.4874390243902439,0.547811320754717,-0.060372296364473055,0.027056594207421906,0.08444112755514287,-0.057384533347720965,0.55,0.64,-0.08999999999999997
P0083,0.5217032967032966,0.5172774869109948,0.0044258097923017825,0.11747742308284895,0.09031603306301357,0.027161390019835377,0.8,0.7,0.10000000000000009,0.5259689922480619,0.5228360957642725,0.003132896483789449,0.08343422772668764,0.06532018339102856,0.01811404433565908,0.7333333333333333,0.6666666666666666,0.06666666666666665,0.5292105263157895,0.5254658385093167,0.0037446878064727462,0.04083867999744259,0.051317430242142394,-0.010478750244699804,0.64,0.62,0.020000000000000018,0.5279411764705882,0.5282882882882883,-0.00034711181770008537,0.025718622050657076,0.03051727833949522,-0.004798656288838143,0.6,0.57,0.030000000000000027
P0084,0.5324847250509166,0.5307915057915058,0.0016932192594107942,0.09433407545058069,0.17178584743681846,-0.07745177198623777,0.75,0.9,-0.15000000000000002,0.5358974358974359,0.5347769028871391,0.001120533010296798,0.0705742188432557,0.15545664990667551,-0.08488243106341982,0.6666666666666666,0.8333333333333334,-0.16666666666666674,0.5383947939262473,0.5432786885245902,-0.0048838945983428195,0.048402061310003276,0.14112221550753604,-0.09272015419753277,0.64,0.74,-0.09999999999999998,0.5400243309002433,0.5610958904109589,-0.0210715595107156,0.02952584569026016,0.1188978492975637,-0.08937200360730353,0.61,0.7,-0.08999999999999997
P0085,0.43467048710601713,0.43321629213483154,0.0014541949711855962,0.0979808633736293,0.11748137965663759,-0.019500516283008293,0.7,0.7,0.0,0.43493217054263567,0.43608736942070275,-0.0011551988780670874,0.07988421400518834,0.09502676167275578,-0.015142547667567438,0.6333333333333333,0.6666666666666666,-0.033333333333333326,0.4344610778443114,0.44087976539589446,-0.0064186875515830355,0.06018815294164521,0.0693948722906687,-0.009206719349023486,0.6,0.58,0.020000000000000018,0.4353074433656959,0.4443987341772152,-0.009091290811519326,0.03653237217100701,0.05736530066091068,-0.020832928489903674,0.52,0.54,-0.020000000000000018
P0086,0.5165755297334245,0.5099799062290691,0.006595623504355386,0.1075119202215401,0.13060295894397214,-0.02309103872243204,0.8,0.9,-0.09999999999999998,0.5173434273916037,0.5090582153292875,0.008285212062316138,0.08228708237965955,0.11593462715592592,-0.03364754477626637,0.7666666666666667,0.8333333333333334,-0.06666666666666665,0.5167620376831821,0.5088721804511278,0.007889857232054265,0.0659726510553006,0.10272180741309092,-0.036749156357790316,0.7,0.76,-0.06000000000000005,0.5140419378163413,0.5082873319179052,0.005754605898436127,0.044352052172272845,0.09035533903289278,-0.046003286860619934,0.62,0.69,-0.06999999999999995
P0087,0.49273127753303964,0.4926008968609865,0.00013038067205312087,0.09293327168712848,0.13301086438347315,-0.04007759269634467,0.7,0.75,-0.050000000000000044,0.49216589861751153,0.497809076682316,-0.005643178064804466,0.07703590457292049,0.1181292143337802,-0.0410933097608597,0.6333333333333333,0.7,-0.06666666666666665,0.49126903553299495,0.5157512953367875,-0.024482259803792594,0.05393089868600333,0.08937654124693518,-0.035445642560931856,0.62,0.64,-0.020000000000000018,0.4921768707482993,0.5353146853146854,-0.0431378145663861,0.03635645535513738,0.05076759326184641,-0.014411137906709032,0.55,0.61,-0.05999999999999994
P0088,0.4338461538461538,0.4488847583643123,-0.015038604518158472,0.11811262301708625,0.142464571054037,-0.02435194803695076,0.65,0.8,-0.15000000000000002,0.4353333333333333,0.45096525096525103,-0.015631917631917736,0.09757276487034917,0.12229979864556824,-0.024727033775219065,0.6,0.7,-0.09999999999999998,0.44365217391304357,0.45999999999999996,-0.016347826086956396,0.060091675395148036,0.08741762410512025,-0.02732594870997221,0.54,0.62,-0.07999999999999996,0.43927777777777777,0.4596825396825396,-0.020404761904761815,0.03160574060999319,0.0398662414627317,-0.008260500852738509,0.5,0.53,-0.030000000000000027
P0089,0.5324949698189134,0.5371059431524549,-0.004610973333541435,0.11997615656334121,0.10847973001968643,0.011496426543654778,0.9,0.8,0.09999999999999998,0.533164812942366,0.5382510822510822,-0.005086269308716251,0.10596189653074796,0.09117511109215669,0.014786785438591271,0.8333333333333334,0.7333333333333333,0.10000000000000009,0.5344535240040859,0.5404199475065616,-0.005966423502475782,0.09492582252885974,0.07536599775658126,0.01955982477227848,0.76,0.66,0.09999999999999998,0.535251572327044,0.5448086253369272,-0.009557053009883187,0.08279948261569729,0.04907174494572877,0.033727737669968526,0.72,0.63,0.08999999999999997
P0090,0.5513544891640866,0.5575374901341753,-0.006183000970088726,0.08536540309991439,0.13326249523227332,-0.04789709213235893,0.8,0.9,-0.09999999999999998,0.5514820592823713,0.5592680986475735,-0.00778603936520228,0.07074110375371546,0.11595541800080321,-0.045214314247087745,0.7666666666666667,0.8,-0.033333333333333326,0.5516006339144216,0.5615198059822151,-0.00991917206779347,0.05665648930967817,0.1002000535902725,-0.043543564280594325,0.68,0.78,-0.09999999999999998,0.5499917491749174,0.5652990732940185,-0.015307324119101073,0.044159737772938704,0.08157345256012187,-0.03741371478718317,0.65,0.73,-0.07999999999999996
P0091,0.5346246973365618,0.5416058394160584,-0.006981142079496627,0.101500448216274,0.1477613989245159,-0.04626095070824189,0.8,0.75,0.050000000000000044,0.5391232423490487,0.5478802992518702,-0.00875705690282147,0.08052490450516893,0.12653741085168294,-0.04601250634651401,0.7333333333333333,0.7333333333333333,0.0,0.5446475195822454,0.5585301837270341,-0.01388266414478867,0.061489930295862964,0.10274930507121284,-0.041259374775349876,0.7,0.7,0.0,0.5461561561561562,0.576344410876133,-0.03018825471997677,0.04316599289466443,0.060792270168716564,-0.01762627727405213,0.64,0.66,-0.020000000000000018
P0092,0.4593425605536332,0.46269702276707536,-0.0033544622134421553,0.12147842285665854,0.17740317200580438,-0.055924749149145844,0.7,0.75,-0.050000000000000044,0.4569248826291079,0.46696375519904937,-0.01003887256994146,0.0989724783860714,0.16397080203205006,-0.06499832364597866,0.7,0.7333333333333333,-0.033333333333333326,0.4547445255474452,0.475637707948244,-0.020893182400798793,0.07512597976062525,0.14090350777810143,-0.06577752801747618,0.62,0.7,-0.07999999999999996,0.45857429718875503,0.49397148676171077,-0.035397189572955734,0.03503548834800459,0.1065947232850158,-0.07155923493701122,0.55,0.67,-0.12
P0093,0.47581395348837213,0.4819634703196347,-0.00614951683126258,0.07035565986519922,0.0877484914533603,-0.017392831588161087,0.65,0.7,-0.04999999999999993,0.4739837398373984,0.4829346092503987,-0.008950869413000329,0.04350011377236544,0.06554965715291214,-0.022049543380546696,0.6,0.6,0.0,0.4762162162162162,0.48814814814814816,-0.011931931931931983,0.027680742779378507,0.048634902215403515,-0.020954159436025008,0.54,0.58,-0.039999999999999925,0.4737777777777778,0.49805755395683443,-0.024279776179056634,0.016323882375295067,0.02611203581034536,-0.009788153435050292,0.52,0.55,-0.030000000000000027
P0094,0.46787564766839385,0.4737562189054726,-0.005880571237078747,0.09248523241714919,0.11829666003213297,-0.025811427614983784,0.65,0.7,-0.04999999999999993,0.4692375886524822,0.4754251700680272,-0.006187581415544985,0.07526084069852503,0.0899095070455323,-0.014648666347007275,0.6,0.6333333333333333,-0.033333333333333326,0.47331460674157305,0.4770430107526882,-0.0037284040111151273,0.05608202169527788,0.06809913930242488,-0.012017117607147,0.6,0.6,0.0,0.47771241830065364,0.48170807453416153,-0.003995656233507894,0.0346598170462747,0.04368011042343119,-0.009020293377156485,0.54,0.56,-0.020000000000000018
P0095,0.5758872651356994,0.5888090349075975,-0.012921769771898073,0.09479125414760278,0.116163069904083,-0.021371815756480214,0.8,0.8,0.0,0.5756218905472638,0.5945492662473794,-0.0189273757001156,0.08021750303845818,0.09762191316108795,-0.017404410122629776,0.7666666666666667,0.7666666666666667,0.0,0.5755456570155902,0.604070021881838,-0.028524364866247764,0.0617901346813933,0.06774953485673299,-0.005959400175339691,0.7,0.72,-0.020000000000000018,0.5713283208020051,0.6144717444717445,-0.043143423669739334,0.03790226152235001,0.03339369156763831,0.0045085699547117025,0.66,0.67,-0.010000000000000009
P0096,0.47423076923076923,0.47554347826086957,-0.0013127090301003341,0.10808376655037506,0.1495454281018399,-0.04146166155146484,0.75,0.8,-0.050000000000000044,0.4765333333333333,0.47907268170426065,-0.0025393483709273412,0.08432993405533872,0.13330441627745918,-0.04897448222212046,0.6333333333333333,0.7333333333333333,-0.09999999999999998,0.4831304347826087,0.4921951219512195,-0.009064687168610808,0.06933679890519649,0.1066300998198293,-0.0372933009146328,0.6,0.7,-0.09999999999999998,0.4953888888888888,0.5071938775510204,-0.011804988662131588,0.045318182381037624,0.07605572046583245,-0.030737538084794826,0.57,0.61,-0.040000000000000036
P0097,0.40958904109589045,0.40498458376156216,0.0046044573343282935,0.108453942884805,0.12502137440586458,-0.016567431521059578,0.7,0.7,0.0,0.40938735177865615,0.4046036690896504,0.004783682689005753,0.08355529164218319,0.10706351066515701,-0.023508219022973828,0.6666666666666666,0.6333333333333333,0.033333333333333326,0.4108266129032258,0.40566277836691406,0.005163834536311751,0.061520732944885845,0.0854391733768404,-0.023918440431954555,0.58,0.6,-0.020000000000000018,0.4123460721868365,0.40552071668533035,0.006825355501506147,0.046585254818725365,0.05836789974699227,-0.011782644928266903,0.52,0.54,-0.020000000000000018
P0098,0.4785874439461883,0.48463157894736847,-0.006044135001180173,0.10008975892840141,0.14409653581661508,-0.04400677688821367,0.75,0.75,0.0,0.4792048929663609,0.48867383512544804,-0.009468942159087168,0.08468794921725055,0.1290005138171963,-0.044312564599945745,0.6666666666666666,0.7,-0.033333333333333326,0.47774038461538465,0.4973932584269663,-0.01965287381158165,0.06915485621641917,0.1066104552472896,-0.03745559903087042,0.62,0.66,-0.040000000000000036,0.47448087431693997,0.5085569620253166,-0.03407608770837667,0.04567201215534014,0.06213658838468015,-0.016464576229340007,0.55,0.58,-0.029999999999999916
P0099,0.5116101694915255,0.5077601410934743,0.003850028398051153,0.1091024269097548,0.1669883423741579,-0.05788591546440311,0.8,0.9,-0.09999999999999998,0.5131034482758621,0.5106523040095751,0.0024511442662870087,0.08821747350603253,0.15508610181392965,-0.06686862830789712,0.7333333333333333,0.8,-0.06666666666666676,0.51375,0.5132588454376164,0.0004911545623836888,0.06466569249388956,0.14601342391594574,-0.08134773142205617,0.66,0.74,-0.07999999999999996,0.5140588235294118,0.5247638603696098,-0.010705036840197968,0.039662750720220456,0.1334054652555367,-0.09374271453531624,0.6,0.69,-0.08999999999999997
P0100,0.49370735405610316,0.49834193072955046,-0.004634576673447299,0.10511112224791709,0.14398725007048488,-0.03887612782256779,0.8,0.75,0.050000000000000044,0.4938629997453527,0.4991338777530315,-0.005270878007678781,0.09008493426113276,0.1303682009966329,-0.040283266735500145,0.7333333333333333,0.7333333333333333,0.0,0.49419705197827773,0.5023210248681236,-0.008123972889845843,0.07366180844842575,0.11475622484410976,-0.04109441639568401,0.68,0.7,-0.019999999999999907,0.4948345439870864,0.5096397807361002,-0.014805236749013795,0.055651842628867,0.09123289489710748,-0.03558105226824048,0.61,0.67,-0.06000000000000005
P0101,0.4708563535911603,0.4687683284457478,0.0020880251454125087,0.09004349057227018,0.10998377243602209,-0.019940281863751907,0.75,0.7,0.050000000000000044,0.4702651515151515,0.46898288016112777,0.0012822713540237562,0.07281969151576921,0.10350360873634402,-0.030683917220574813,0.6666666666666666,0.6666666666666666,0.0,0.46813253012048195,0.4709324758842443,-0.002799945763762357,0.05408722787220376,0.0943215677427937,-0.040234339870589934,0.58,0.64,-0.06000000000000005,0.45680851063829786,0.49,-0.03319148936170213,0.03362958738116172,0.06809391756387205,-0.03446433018271033,0.53,0.6,-0.06999999999999995
P0102,0.44701492537313436,0.44174950298210736,0.005265422391027008,0.10491844630115414,0.10175654528188965,0.0031619010192644875,0.75,0.65,0.09999999999999998,0.4488593155893536,0.44503042596348885,0.003828889625864751,0.08726327783597279,0.07907357559045096,0.008189702245521832,0.6666666666666666,0.6,0.06666666666666665,0.45110671936758895,0.45044397463002117,0.0006627447375677775,0.06982162814788583,0.05776687795660658,0.012054750191279245,0.62,0.58,0.040000000000000036,0.4544078947368421,0.45579196217494095,-0.0013840674380988238,0.04799123027478214,0.03435008517411592,0.013641145100666219,0.55,0.51,0.040000000000000036
P0103,0.5320995145631069,0.526255980861244,0.0058435337018628575,0.1004448107159566,0.15123566490688425,-0.05079085419092766,0.8,0.85,-0.04999999999999993,0.5324324324324324,0.5285310734463277,0.003901358986104775,0.0834961996140766,0.1357521516107213,-0.05225595199664469,0.7666666666666667,0.7666666666666667,0.0,0.5330982367758187,0.5327047146401985,0.00039352213562016125,0.06872515202471735,0.11963293592244893,-0.05090778389773158,0.68,0.76,-0.07999999999999996,0.5378629032258064,0.5349338624338624,0.0029290407919440042,0.04962902723466833,0.108344301600566,-0.05871527436589767,0.62,0.73,-0.10999999999999999
P0104,0.37693014705882355,0.3714746543778802,0.0054554926809433635,0.1111477003677413,0.12446990106062525,-0.013322200692883951,0.65,0.7,-0.04999999999999993,0.37683982683982686,0.3709457364341085,0.005894090405718366,0.08632891055050239,0.09957161291951168,-0.01324270236900929,0.5666666666666667,0.6,-0.033333333333333326,0.37612476370510395,0.3707867298578199,0.0053380338472840405,0.05687939958837432,0.08513856569690978,-0.02825916610853546,0.52,0.58,-0.05999999999999994,0.3744246031746032,0.37075621890547267,0.00366838426913052,0.036218394402520074,0.0728046884501966,-0.03658629404767652,0.46,0.53,-0.07
P0105,0.46588235294117647,0.46071428571428574,0.005168067226890727,0.1233387884949615,0.183368599731107,-0.06002981123614551,0.8,0.85,-0.04999999999999993,0.46666666666666656,0.4633181126331811,0.0033485540334854402,0.10551080570482782,0.1727326841809701,-0.06722187847614228,0.8333333333333334,0.7666666666666667,0.06666666666666665,0.4668354430379747,0.46913875598086124,-0.0023033129428865484,0.08303643098287243,0.16158226275408427,-0.07854583177121184,0.72,0.74,-0.020000000000000018,0.4748695652173913,0.4870652173913044,-0.012195652173913052,0.05230953387857297,0.13867806042176986,-0.08636852654319689,0.59,0.67,-0.08000000000000007
P0106,0.5345808383233533,0.545054945054945,-0.01047410673159166,0.13523201749210811,0.11109504237817967,0.02413697511392844,0.9,0.8,0.09999999999999998,0.5338399189463019,0.5483785220627325,-0.014538603116430626,0.12124709423060524,0.09193285836842623,0.029314235862179017,0.8666666666666667,0.7333333333333333,0.13333333333333341,0.5332915360501568,0.5531136738056013,-0.019822137755444502,0.10472899625048583,0.07511896283524018,0.02961003341524565,0.8,0.7,0.10000000000000009,0.5343877551020408,0.5614183123877917,-0.027030557285750878,0.07259616647921183,0.054689913097741336,0.01790625338147049,0.65,0.65,0.0
P0107,0.47138263665594854,0.47227414330218065,-0.0008915066462321097,0.08975324276021503,0.11250808036594774,-0.022754837605732714,0.7,0.7,0.0,0.47486157253599115,0.4762057877813505,-0.001344215245359326,0.06497883657428341,0.089808071057643,-0.024829234483359594,0.6,0.6333333333333333,-0.033333333333333326,0.4755871886120996,0.4806872852233677,-0.00510009661126809,0.036818691769620875,0.061344123778755325,-0.02452543200913445,0.56,0.58,-0.019999999999999907,0.48155844155844146,0.4780082987551868,0.0035501428032546634,0.02146566381718454,0.03367183485126694,-0.012206171034082395,0.53,0.56,-0.030000000000000027
P0108,0.4755769230769231,0.4782117163412127,-0.002634793264289559,0.099757657534078,0.14827923016764577,-0.04852157263356777,0.75,0.8,-0.050000000000000044,0.4763754045307443,0.48016614745586705,-0.0037907429251227698,0.07840523010001949,0.1342219268337886,-0.05581669673376913,0.7,0.7666666666666667,-0.06666666666666676,0.476950495049505,0.48299045599151647,-0.00603996094201148,0.06086023205911705,0.11569132383875212,-0.05483109177963507,0.62,0.72,-0.09999999999999998,0.47893749999999996,0.4905599104143337,-0.011622410414333761,0.046823207498169823,0.08674737133273071,-0.039924163834560884,0.59,0.66,-0.07000000000000006
P0109,0.5062798092209857,0.5069715142428786,-0.0006917050218928633,0.13225868779982947,0.1417659158638125,-0.009507228063983048,0.85,0.75,0.09999999999999998,0.5072159396876682,0.5101978691019786,-0.0029819294143104136,0.11394424912611102,0.12269527141854848,-0.00875102229243746,0.8,0.7,0.10000000000000009,0.50661101836394,0.5164207221350079,-0.009809703771067935,0.09928139438442729,0.10255020783934553,-0.0032688134549182374,0.74,0.68,0.05999999999999994,0.5110746812386157,0.5284497444633731,-0.01737506322475746,0.08540555706048032,0.07189914936082581,0.013506407699654513,0.67,0.65,0.020000000000000018
P0110,0.4997442455242967,0.4941317365269461,0.005612508997350607,0.08220855557731516,0.17275937891984014,-0.09055082334252498,0.75,0.85,-0.09999999999999998,0.5003454231433506,0.4964848484848484,0.0038605746585022027,0.06395519060531452,0.1609894718290356,-0.0970342812237211,0.6666666666666666,0.8333333333333334,-0.16666666666666674,0.5012234042553192,0.49848447204968943,0.0027389322056297627,0.04909384288979263,0.1509561700853366,-0.10186232719554397,0.62,0.82,-0.19999999999999996,0.5032763532763532,0.49901986754966887,0.004256485726684356,0.030941180929300323,0.14064691925766165,-0.10970573832836134,0.6,0.75,-0.15000000000000002
P0111,0.43143712574850296,0.41858974358974366,0.012847382158759302,0.10345686971458141,0.15066284621013695,-0.04720597649555554,0.55,0.75,-0.19999999999999996,0.44055201698513813,0.42899543378995436,0.011556583195183767,0.0677531917636541,0.1348805040013835,-0.06712731223772939,0.5666666666666667,0.7,-0.1333333333333333,0.44321167883211676,0.4465079365079366,-0.0032962576758198137,0.04344531433949391,0.1017881199629076,-0.058342805623413686,0.54,0.6,-0.05999999999999994,0.44126436781609196,0.4510526315789475,-0.00978826376285552,0.02405953333172889,0.054400535682550745,-0.030341002350821857,0.48,0.53,-0.050000000000000044
P0112,0.5968802698145026,0.6063301282051282,-0.00944985839062562,0.10559179169862679,0.1376164774346518,-0.032024685736025016,0.85,0.9,-0.050000000000000044,0.595997712978845,0.6098805646036916,-0.013882851624846593,0.0881332912653637,0.12414056424485594,-0.03600727297949223,0.8,0.8333333333333334,-0.033333333333333326,0.5948134991119005,0.6179797979797981,-0.02316629886789756,0.0672322056777567,0.10612215626244519,-0.038889950584688485,0.76,0.8,-0.040000000000000036,0.5934697855750487,0.6301286764705881,-0.03665889089553942,0.047219445016574685,0.08079443542291197,-0.03357499040633728,0.69,0.73,-0.040000000000000036
P0113,0.41581352833638024,0.40858629661751955,0.007227231718860694,0.10504384894365003,0.11944507301279045,-0.01440122406914042,0.65,0.7,-0.04999999999999993,0.4161439114391144,0.40976961213181684,0.0063742993072975485,0.08949961916970994,0.10181981445956093,-0.012320195289850983,0.6333333333333333,0.6333333333333333,0.0,0.41639097744360903,0.4132680320569902,0.003122945386618836,0.06857670471721189,0.08321407726881176,-0.014637372551599873,0.56,0.58,-0.019999999999999907,0.41823471400394474,0.41844361602982294,-0.00020890202587819928,0.045771279183498347,0.06434921065701288,-0.018577931473514532,0.53,0.54,-0.010000000000000009
P0114,0.3913249211356467,0.392814371257485,-0.001489450121838265,0.08815750768522998,0.1551776506669722,-0.06702014298174222,0.65,0.7,-0.04999999999999993,0.39435396308360476,0.3986625514403292,-0.00430858835672443,0.06079436103565021,0.14137865173181774,-0.08058429069616753,0.5333333333333333,0.6666666666666666,-0.1333333333333333,0.3958885017421602,0.4080921052631579,-0.012203603520997697,0.036173624675244626,0.12441036486178132,-0.0882367401865367,0.48,0.58,-0.09999999999999998,0.3930379746835443,0.4298818897637795,-0.03684391508023521,0.021348292971001926,0.08723433137049393,-0.065886038399492,0.44,0.55,-0.11000000000000004
P0115,0.3490291262135923,0.3481198589894242,0.0009092672241680644,0.09984346547604217,0.12429349942957658,-0.024450033953534414,0.6,0.7,-0.09999999999999998,0.34848484848484845,0.34942528735632183,-0.0009404388714733813,0.07721449203523649,0.1100210767830608,-0.032806584747824316,0.5666666666666667,0.6666666666666666,-0.09999999999999998,0.3480604534005038,0.35186358099878196,-0.0038031275982781665,0.059073590043271215,0.08730955415844803,-0.028235964115176815,0.5,0.58,-0.07999999999999996,0.34533602150537634,0.3576264591439689,-0.012290437638592555,0.04190227998620777,0.04862515001838645,-0.006722870032178682,0.45,0.48,-0.02999999999999997
P0116,0.358718487394958,0.3494969818913481,0.009221505503609895,0.09996131896122785,0.10343569086059476,-0.0034743718993669043,0.65,0.55,0.09999999999999998,0.36130185979971385,0.3483230663928816,0.012978793406832279,0.07998165598801997,0.0865401785042542,-0.006558522516234233,0.6,0.5333333333333333,0.06666666666666665,0.3628251121076233,0.34886509635974305,0.01396001574788025,0.0614335537133285,0.07334904527944541,-0.01191549156611691,0.52,0.5,0.020000000000000018,0.36770202020202014,0.35551558752997603,0.012186432672044112,0.03302925082499144,0.059826170028995346,-0.026796919204003906,0.45,0.46,-0.010000000000000009
P0117,0.42865612648221346,0.4343360995850623,-0.005679973102848845,0.10411006419371177,0.1453586032940319,-0.04124853910032014,0.7,0.85,-0.15000000000000002,0.4299731182795699,0.4355225988700565,-0.0055494805904866,0.08583554748970251,0.12701264805572407,-0.04117710056602156,0.7,0.7333333333333333,-0.033333333333333326,0.4323109243697479,0.4407522123893806,-0.008441288019632731,0.0657896122038689,0.11122949495616115,-0.04543988275229224,0.6,0.66,-0.06000000000000005,0.4319953051643193,0.4557213930348259,-0.023726087870506618,0.04297624604868823,0.08807844756478532,-0.04510220151609709,0.53,0.61,-0.07999999999999996
P0118,0.4064893617021277,0.4084812623274161,-0.001991900625288423,0.1002412775088878,0.14151567940946375,-0.04127440190057595,0.7,0.7,0.0,0.40927536231884054,0.4105969148222669,-0.0013215525034263598,0.08112110896998943,0.12694074114854167,-0.04581963217855224,0.6,0.6333333333333333,-0.033333333333333326,0.4133636363636364,0.41358490566037737,-0.00022126929674098905,0.06141923407247591,0.11462425911843539,-0.05320502504595948,0.54,0.6,-0.05999999999999994,0.42364102564102574,0.41451990632318503,0.009121119317840709,0.034367163203272516,0.10140207468922557,-0.06703491148595306,0.51,0.55,-0.040000000000000036
P0119,0.4108247422680413,0.40730538922155685,0.0035193530464844303,0.09999402150265675,0.12340206000740046,-0.02340803850474371,0.75,0.75,0.0,0.411053089643168,0.4089696969696969,0.002083392673471074,0.08378706292227041,0.10611131832344346,-0.022324255401173054,0.6666666666666666,0.6333333333333333,0.033333333333333326,0.41126005361930296,0.4118012422360248,-0.000541188616721866,0.06702221981195934,0.09336955359660622,-0.026347333784646876,0.6,0.58,0.020000000000000018,0.40788793103448273,0.41972185430463577,-0.011833923270153035,0.04378623718685758,0.07895209033804605,-0.035165853151188475,0.52,0.54,-0.020000000000000018
P0120,0.4551319648093841,0.45625,-0.0011180351906158736,0.16231029135310776,0.15352163380271378,0.008788657550393986,0.85,0.7,0.15000000000000002,0.4581067472306143,0.45984405458089667,-0.00173730735028238,0.14271115114132038,0.14205939732093087,0.0006517538203895112,0.8,0.6333333333333333,0.16666666666666674,0.46225080385852085,0.4683850931677018,-0.006134289309180974,0.12156038602736627,0.12480245568693035,-0.003242069659564084,0.72,0.62,0.09999999999999998,0.4641379310344827,0.4893014705882352,-0.0251635395537525,0.0703883870843224,0.07597811409456529,-0.005589727010242879,0.61,0.59,0.020000000000000018
P0121,0.48745222929936305,0.4895432692307693,-0.0020910399314062467,0.10291239523865112,0.17694328473380688,-0.07403088949515577,0.8,0.8,0.0,0.48791397849462365,0.4911192214111923,-0.0032052429165686513,0.08531715941067392,0.1704464078421671,-0.08512924843149319,0.7,0.8,-0.10000000000000009,0.4884238410596026,0.49466334164588527,-0.0062395005862826425,0.07315794734284477,0.1641465462815623,-0.09098859893871754,0.68,0.78,-0.09999999999999998,0.4903829787234043,0.5048271276595745,-0.014444148936170187,0.05378966912523616,0.15277302698686174,-0.09898335786162557,0.64,0.72,-0.07999999999999996
P0122,0.4008860759493671,0.4119109947643979,-0.011024918815030815,0.12187553179026046,0.1588432083941178,-0.036967676603857344,0.7,0.7,0.0,0.3953246753246753,0.414247311827957,-0.018922636503281687,0.09850873598321129,0.14839886517667425,-0.04989012919346296,0.7,0.6333333333333333,0.06666666666666665,0.3923287671232876,0.419375,-0.027046232876712373,0.08208449619092738,0.135145780926645,-0.053061284735717626,0.6,0.62,-0.020000000000000018,0.3924761904761905,0.43970198675496697,-0.04722579627877649,0.06430257274540424,0.10413429273397465,-0.03983171998857041,0.51,0.59,-0.07999999999999996
P0123,0.5445269016697588,0.5377959927140255,0.006730908955733361,0.09540806179716681,0.15277179876404828,-0.057363736966881476,0.8,0.8,0.0,0.5471959672337744,0.5420531849103278,0.00514278232344656,0.07452864719554432,0.1411011487339673,-0.06657250153842299,0.7333333333333333,0.7666666666666667,-0.03333333333333344,0.5486051080550098,0.5495953757225434,-0.0009902676675335176,0.060129356737684596,0.12783520693752032,-0.06770585019983572,0.68,0.76,-0.07999999999999996,0.5530065359477124,0.570362473347548,-0.01735593739983554,0.03797863693709227,0.09174264527880417,-0.053764008341711904,0.61,0.69,-0.07999999999999996
P0124,0.4485551663747811,0.4373684210526316,0.011186745322149527,0.09497034298131223,0.17075196246889993,-0.0757816194875877,0.7,0.9,-0.20000000000000007,0.4481743227326266,0.43746312684365785,0.010711195888968739,0.07735064030147254,0.15111078351998652,-0.07376014321851398,0.6666666666666666,0.9,-0.2333333333333334,0.44805755395683455,0.4384504504504504,0.009607103506384163,0.06038101681107379,0.13290562517252533,-0.07252460836145154,0.6,0.8,-0.20000000000000007,0.44684557438794725,0.43850000000000006,0.008345574387947197,0.043143136206059016,0.10710123495227254,-0.06395809874621353,0.57,0.66,-0.09000000000000008
P0125,0.524449481865285,0.5291810048176188,-0.004731522952333811,0.10859897964787953,0.13204080110346464,-0.023441821455585113,0.85,0.9,-0.050000000000000044,0.5244676227727075,0.5313005313005313,-0.006832908527823811,0.0918742807234503,0.11601103903762303,-0.024136758314172724,0.8,0.8333333333333334,-0.033333333333333326,0.5245838837516513,0.5346732255797612,-0.010089341828109832,0.07616201464473443,0.09946597764911386,-0.023303963004379424,0.74,0.76,-0.020000000000000018,0.5263456284153005,0.5392134013109978,-0.012867772895697294,0.060938410141847504,0.08468763767405059,-0.023749227532203085,0.67,0.71,-0.039999999999999925
P0126,0.4269585253456221,0.4251870324189526,0.0017714929266695045,0.10477741662979391,0.17627774341748462,-0.07150032678769071,0.8,0.8,0.0,0.42790880503144657,0.4303495311167945,-0.002440726085347955,0.07979552002970494,0.16657172920677962,-0.08677620917707468,0.7,0.7333333333333333,-0.033333333333333326,0.4289603960396039,0.43811320754716987,-0.009152811507565972,0.05579229883903461,0.158903581992462,-0.10311128315342738,0.56,0.7,-0.1399999999999999,0.43415254237288137,0.4558566978193147,-0.021704155446433337,0.03689180097815836,0.1415181307594327,-0.10462632978127434,0.52,0.64,-0.12
P0127,0.5085454545454545,0.49160305343511457,0.016942401110339955,0.07959941027232852,0.19843400962003122,-0.1188345993477027,0.7,0.75,-0.050000000000000044,0.5118238993710692,0.49484126984126986,0.016982629529799342,0.05837264098003091,0.18704709304444408,-0.1286744520644132,0.6333333333333333,0.7333333333333333,-0.09999999999999998,0.5115102040816327,0.506551724137931,0.004958479943701688,0.039792380795148546,0.16638708218403556,-0.126594701388887,0.6,0.7,-0.09999999999999998,0.5083076923076923,0.5441758241758243,-0.03586813186813198,0.0255946246822116,0.10761720862089716,-0.08202258393868556,0.56,0.68,-0.12
P0128,0.45458435207823966,0.4497775659358119,0.004806786142427744,0.12376682014907095,0.15066302390926678,-0.02689620376019583,0.85,0.95,-0.09999999999999998,0.4543735949315348,0.4501009457018383,0.004272649229696501,0.10899859881481311,0.13398023553415275,-0.024981636719339645,0.7666666666666667,0.8666666666666667,-0.09999999999999998,0.4536829117828501,0.4505999358357395,0.0030829759471106,0.09715925927864934,0.11714080945447405,-0.019981550175824717,0.7,0.72,-0.020000000000000018,0.45143483709273186,0.45228888164329967,-0.0008540445505678118,0.08339526854955358,0.10146647588739278,-0.018071207337839207,0.67,0.68,-0.010000000000000009
P0129,0.3780944625407166,0.3774583963691377,0.0006360661715789084,0.1036615524733892,0.1803263561266587,-0.0766648036532695,0.65,0.85,-0.19999999999999996,0.3789735099337748,0.37916026625704047,-0.00018675632326564662,0.09042320597244526,0.17204604330099846,-0.0816228373285532,0.6,0.7333333333333333,-0.1333333333333333,0.379486301369863,0.3814896988906498,-0.0020033975207868204,0.0746251579288726,0.1628461189335866,-0.08822096100471401,0.56,0.68,-0.12,0.3811797752808989,0.39127366609294323,-0.010093890812044315,0.053020325788946075,0.14634536690636665,-0.09332504111742057,0.47,0.6,-0.13
P0130,0.4699856733524356,0.4722222222222222,-0.0022365488697866365,0.09293603075201322,0.12867182049606168,-0.035735789744048466,0.7,0.8,-0.10000000000000009,0.46996124031007747,0.47435210008936546,-0.004390859779287992,0.07737704956905514,0.11390084977686113,-0.03652380020780599,0.6666666666666666,0.7333333333333333,-0.06666666666666665,0.4700299401197605,0.4793663911845731,-0.009336451064812568,0.06628282037784695,0.09072791446260643,-0.024445094084759478,0.64,0.68,-0.040000000000000036,0.4723624595469256,0.4877366863905326,-0.015374226843607008,0.055189447320740145,0.05719060224783174,-0.002001154927091596,0.59,0.59,0.0
P0131,0.5645992366412215,0.5803473491773309,-0.015748112536109415,0.12751901399679577,0.1660721303370665,-0.03855311634027073,0.8,0.9,-0.09999999999999998,0.5684176394293126,0.5868404717566729,-0.018422832327360306,0.10493221116942186,0.14862850064143987,-0.04369628947201801,0.7666666666666667,0.9,-0.1333333333333333,0.5711336032388664,0.5968665377176016,-0.025732934478735148,0.08127482719015741,0.12840431031454888,-0.04712948312439147,0.68,0.84,-0.15999999999999992,0.5788288288288287,0.6131263383297645,-0.0342975095009358,0.050936964024505454,0.10430596101515256,-0.05336899699064711,0.66,0.78,-0.12
P0132,0.5241007194244605,0.5304832713754647,-0.006382551951004234,0.08923183731633758,0.09286912033595819,-0.0036372830196206157,0.7,0.75,-0.050000000000000044,0.5267412935323382,0.5292149292149292,-0.002473635682590958,0.06668279210190495,0.07305452827472685,-0.0063717361728218985,0.6666666666666666,0.7,-0.033333333333333326,0.530241935483871,0.5274476987447699,0.0027942367391010636,0.04596569038998648,0.04925992439709982,-0.0032942340071133447,0.62,0.6,0.020000000000000018,0.5352020202020202,0.5195238095238096,0.015678210678210625,0.01638272050888739,0.03162755670549792,-0.015244836196610528,0.57,0.58,-0.010000000000000009
P0133,0.4918181818181818,0.4883548067393459,0.0034633750788359285,0.11217303807760813,0.12649764461189034,-0.014324606534282205,0.85,0.8,0.04999999999999993,0.492036036036036,0.4894227560894227,0.0026132799466133116,0.0946763027637207,0.10932707084700984,-0.014650768083289134,0.7666666666666667,0.7333333333333333,0.03333333333333344,0.49239779005524864,0.4922982635342186,9.952652103001336e-05,0.07947685854913933,0.089007287045151,-0.00953042849601167,0.74,0.72,0.020000000000000018,0.49395321637426903,0.49758880516684606,-0.003635588792577027,0.058835066607885754,0.06585366335243777,-0.007018596744552012,0.68,0.66,0.020000000000000018
P0134,0.4947214076246334,0.4941576086956522,0.0005637989289812295,0.1193272753088023,0.1569057012110858,-0.0375784259022835,0.85,0.75,0.09999999999999998,0.49828801611278944,0.5011173184357541,-0.0028293023229646885,0.08923468738907377,0.14353000414509773,-0.05429531675602396,0.7333333333333333,0.7333333333333333,0.0,0.5054662379421222,0.5148520710059171,-0.009385833063794924,0.05744583344105641,0.1237893157144834,-0.06634348227342698,0.66,0.68,-0.020000000000000018,0.5052873563218392,0.5404166666666667,-0.03512931034482747,0.036937528719134236,0.09160888330287625,-0.05467135458374202,0.6,0.65,-0.050000000000000044
P0135,0.38456998313659363,0.3930900621118013,-0.008520078975207679,0.0752882638532067,0.1595643855346551,-0.08427612168144841,0.55,0.75,-0.19999999999999996,0.3839908519153802,0.39542586750788644,-0.011435015592506259,0.058269354052263106,0.14296851276950942,-0.08469915871724631,0.5333333333333333,0.7,-0.16666666666666663,0.3841918294849022,0.39804560260586314,-0.013853773120960922,0.043056146631202205,0.12520247265205012,-0.08214632602084791,0.48,0.66,-0.18000000000000005,0.38368421052631574,0.4065957446808511,-0.02291153415453534,0.02528345513411946,0.11001824340808883,-0.08473478827396937,0.44,0.62,-0.18
P0136,0.4537006578947369,0.4574468085106383,-0.003746150615901389,0.09287241460360562,0.13315765376032093,-0.04028523915671531,0.7,0.7,0.0,0.45334448160535123,0.461120354963949,-0.007775873358597751,0.06663153942325649,0.11726028414251004,-0.05062874471925355,0.6,0.6666666666666666,-0.06666666666666665,0.4535640138408304,0.4644061962134252,-0.010842182372594822,0.04757180206861174,0.1037533164158467,-0.056181514347234965,0.58,0.64,-0.06000000000000005,0.4544696969696969,0.4730131826741997,-0.01854348570450276,0.028506097007041126,0.08646411475703689,-0.05795801774999576,0.5,0.57,-0.06999999999999995
P0137,0.4490561090718406,0.4457093253968254,0.0033467836750152302,0.10637345783065033,0.14368379369910558,-0.03731033586845525,0.8,0.8,0.0,0.4490774907749078,0.44632768361581915,0.002749807159088624,0.08967945366294303,0.1286075793327193,-0.03892812566977627,0.7,0.7,0.0,0.4490037293553543,0.4470996978851964,0.0019040314701579408,0.07347467561178522,0.11368295310509945,-0.04020827749331422,0.66,0.66,0.0,0.4474767378215654,0.4500154958677686,-0.0025387580462032378,0.05547953740124226,0.0943214663588116,-0.03884192895756934,0.56,0.61,-0.04999999999999993
P0138,0.4640495867768595,0.4670682730923695,-0.0030186863155099997,0.07826188830450154,0.156068153161221,-0.07780626485671946,0.65,0.7,-0.04999999999999993,0.4619252873563219,0.46945606694560665,-0.007530779589284775,0.059704975280065964,0.13712065900902545,-0.07741568372895949,0.6,0.7,-0.09999999999999998,0.4579245283018868,0.48292237442922376,-0.024997846127336965,0.043169629898022276,0.10990509979328589,-0.0667354698952636,0.56,0.66,-0.09999999999999998,0.4508641975308643,0.5028994082840237,-0.05203521075315937,0.016938343591251844,0.08168634231228579,-0.06474799872103394,0.48,0.61,-0.13
P0139,0.43045023696682466,0.4366995073891626,-0.006249270422337916,0.12741705279728355,0.08978871394817221,0.037628338849111334,0.8,0.65,0.15000000000000002,0.4295307443365695,0.4373737373737374,-0.0078429930371679,0.10532784321538104,0.07778105725737267,0.02754678595800837,0.7,0.6,0.09999999999999998,0.43045918367346936,0.44143617021276593,-0.010976986539296574,0.07534812652456718,0.05918831442148133,0.016159812103085855,0.56,0.58,-0.019999999999999907,0.42450292397660827,0.4523312883435583,-0.02782836436695002,0.0444283211751751,0.03244760859059025,0.01198071258458485,0.51,0.51,0.0
P0140,0.38022107243650044,0.38119218910585817,-0.00097111666935773,0.10223466470771907,0.14943647851386238,-0.047201813806143314,0.7,0.85,-0.15000000000000002,0.3801197227473221,0.3816804407713499,-0.0015607180240277962,0.08338477524781332,0.13108740238724634,-0.04770262713943302,0.7333333333333333,0.7333333333333333,0.0,0.3805248091603053,0.38363256784968686,-0.003107758689381568,0.06380665686933804,0.10875341601374533,-0.044946759144407294,0.56,0.64,-0.07999999999999996,0.380830889540567,0.3870953912111468,-0.006264501670579792,0.04743873699039539,0.08501389149573034,-0.03757515450533495,0.5,0.58,-0.07999999999999996
P0141,0.4989568845618915,0.5019556714471969,-0.00299878688530536,0.09647268354083875,0.14984592909997485,-0.0533732455591361,0.8,0.8,0.0,0.4994828396803009,0.5038749449581682,-0.00439210527786732,0.07838709992543083,0.13463570314098625,-0.056248603215555415,0.7333333333333333,0.7666666666666667,-0.03333333333333344,0.5000870827285923,0.5053188602442334,-0.005231777515641189,0.05847102137919846,0.12088743582729784,-0.06241641444809938,0.66,0.7,-0.039999999999999925,0.49826291079812207,0.5118340611353712,-0.01357115033724915,0.03483409889730677,0.10075471449716529,-0.06592061559985851,0.58,0.68,-0.10000000000000009
P0142,0.5025538461538462,0.4960659045057162,0.006487941648130047,0.12379114306198047,0.14946550263201194,-0.025674359570031474,0.8,0.85,-0.04999999999999993,0.5039009287925696,0.49656962310990743,0.007331305682662215,0.10603035741392079,0.1349160115025981,-0.028885654088677312,0.7666666666666667,0.8,-0.033333333333333326,0.504037617554859,0.4987645847632121,0.00527303279164687,0.0880823131095296,0.12184403391889659,-0.033761720809366985,0.72,0.72,0.0,0.5013656957928803,0.5043923240938166,-0.0030266283009363626,0.0701427964772936,0.10747160560228086,-0.03732880912498726,0.67,0.66,0.010000000000000009
P0143,0.4561746987951807,0.45334394904458597,0.002830749750594719,0.09289263571181296,0.1635979697667229,-0.07070533405490993,0.65,0.8,-0.15000000000000002,0.4573498964803312,0.45307017543859646,0.004279721041734741,0.0776386473351429,0.15507285889747402,-0.07743421156233112,0.6333333333333333,0.6666666666666666,-0.033333333333333326,0.4634437086092715,0.4614084507042254,0.0020352579050460506,0.055158367513696585,0.14145417587419457,-0.08629580836049798,0.54,0.62,-0.07999999999999996,0.47134920634920635,0.4901282051282051,-0.018778998778998746,0.04352253885355274,0.09628341697279923,-0.052760878119246485,0.53,0.61,-0.07999999999999996
P0144,0.4379616963064295,0.4412816691505216,-0.0033199728440920784,0.11390388181296099,0.1154044127693249,-0.0015005309563639047,0.85,0.7,0.15000000000000002,0.4370781322237633,0.4417044881492688,-0.004626355925505532,0.0936404377099175,0.10241914718234567,-0.008778709472428162,0.7666666666666667,0.6333333333333333,0.13333333333333341,0.43680456490727537,0.4426833073322933,-0.005878742425017902,0.0681196629564579,0.09194199412117028,-0.023822331164712385,0.62,0.6,0.020000000000000018,0.4371274961597542,0.45406091370558377,-0.016933417545829554,0.051576206689671944,0.06635613558257286,-0.014779928892900918,0.54,0.58,-0.039999999999999925
P0145,0.5045901639344262,0.5016339869281046,0.0029561770063216697,0.12569249192454826,0.16918859614971377,-0.043496104225165505,0.75,0.8,-0.050000000000000044,0.5070056497175142,0.5063063063063064,0.000699343411207809,0.10549800279302018,0.1583203575219439,-0.052822354728923715,0.7,0.7666666666666667,-0.06666666666666676,0.5138181818181818,0.516231884057971,-0.002413702239789206,0.07399977663580316,0.1479434032919675,-0.07394362665616434,0.64,0.74,-0.09999999999999998,0.5171555555555556,0.5469026548672566,-0.029747099311701053,0.045693644369895356,0.10269018312266191,-0.05699653875276656,0.58,0.7,-0.12
P0146,0.4728404099560762,0.47804709141274243,-0.005206681456666251,0.11484721281294008,0.18212939602373981,-0.06728218321079973,0.7,0.85,-0.15000000000000002,0.4742942050520059,0.47818352059925096,-0.0038893155472450314,0.10183037406792156,0.17664425348063326,-0.0748138794127117,0.6666666666666666,0.7666666666666667,-0.10000000000000009,0.47788667687595715,0.4789017341040462,-0.0010150572280890335,0.08099575182258638,0.17251608502504515,-0.09152033320245877,0.66,0.76,-0.09999999999999998,0.4827031509121062,0.48054517133956387,0.0021579795725423234,0.0648674354800618,0.16839405087699813,-0.10352661539693633,0.58,0.73,-0.15000000000000002
P0147,0.42824292452830187,0.43947976878612716,-0.011236844257825285,0.11178273420756371,0.1590952232253556,-0.04731248901779189,0.7,0.75,-0.050000000000000044,0.4295942720763723,0.4419493177387914,-0.012355045662419128,0.09085363641670988,0.14466414251798437,-0.0538105061012745,0.7,0.7,0.0,0.4303667481662592,0.44543712574850297,-0.015070377582243777,0.06915566558554412,0.1327467330996319,-0.06359106751408777,0.62,0.7,-0.07999999999999996,0.42738281250000004,0.4502292993630573,-0.022846486863057236,0.04631245013949464,0.11928640653846283,-0.07297395639896818,0.53,0.66,-0.13
P0148,0.4616103522645578,0.45871913580246915,0.002891216462088675,0.0930356826906863,0.18662134404610356,-0.09358566135541727,0.7,0.85,-0.15000000000000002,0.4611875452570602,0.4590461378952825,0.002141407361777703,0.07404112375185175,0.1762481396177311,-0.10220701586587934,0.6666666666666666,0.7333333333333333,-0.06666666666666665,0.4612637766348273,0.45985781990521324,0.0014059567296140774,0.05632530100083578,0.16370602868878853,-0.10738072768795276,0.6,0.72,-0.12,0.4596414950419526,0.4606661184210527,-0.001024623379100087,0.03906156519413294,0.15208734193128243,-0.11302577673714949,0.56,0.69,-0.1299999999999999
P0149,0.4755593803786575,0.47599243856332707,-0.0004330581846695436,0.10481475505254259,0.12499606020070402,-0.020181305148161424,0.75,0.7,0.050000000000000044,0.4769994162288383,0.47925497752087337,-0.00225556129203508,0.08448570531894535,0.10510396655424681,-0.020618261235301458,0.7,0.6333333333333333,0.06666666666666665,0.4782577132486388,0.4849298597194388,-0.0066721464708,0.06287612637632826,0.09081541702883163,-0.027939290652503362,0.64,0.64,0.0,0.4801996007984032,0.4969265033407573,-0.016726902542354094,0.029159210564054745,0.07516809039929587,-0.04600887983524112,0.55,0.61,-0.05999999999999994
P0150,0.3902811302001988,0.38667189337514696,0.0036092368250518203,0.10195257112401081,0.14230354293068018,-0.04035097180666937,0.7,0.85,-0.15000000000000002,0.39021754585525376,0.3865759518513672,0.003641594003886528,0.08194157048797797,0.12533028653791847,-0.043388716049940504,0.6333333333333333,0.7333333333333333,-0.09999999999999998,0.3898959076001711,0.386498753771481,0.0033971538286901026,0.06544522682830518,0.1077220831174054,-0.04227685628910022,0.62,0.72,-0.09999999999999998,0.38883383599023413,0.38637528060213916,0.002458555388094974,0.048722780523948725,0.08855889637169076,-0.039836115847742035,0.56,0.62,-0.05999999999999994
P0151,0.5294255568581477,0.5315523657628921,-0.0021268089047443706,0.10281169417054964,0.15000419468168613,-0.04719250051113649,0.9,0.85,0.050000000000000044,0.5294025157232704,0.5333511491181185,-0.003948633394848189,0.08511620761466397,0.13536445003877207,-0.050248242424108094,0.7666666666666667,0.8,-0.033333333333333326,0.529200477326969,0.5361750405186386,-0.006974563191669669,0.06780978871868629,0.12043169084300086,-0.05262190212431457,0.72,0.74,-0.020000000000000018,0.5285424354243542,0.5429705719044975,-0.014428136480143294,0.04683097221019812,0.09979548058784242,-0.0529645083776443,0.65,0.71,-0.05999999999999994
P0152,0.5998684210526315,0.6007204610951009,-0.0008520400424694152,0.07951321341785426,0.08268407784040195,-0.0031708644225476867,0.8,0.75,0.050000000000000044,0.6028828828828828,0.5996043521266073,0.0032785307562754884,0.061395983289311014,0.07144019197570689,-0.010044208686395877,0.7666666666666667,0.7333333333333333,0.03333333333333344,0.6058857142857142,0.6013249211356466,0.004560793150067632,0.05365166562642576,0.057207451730619245,-0.0035557861041934855,0.74,0.7,0.040000000000000036,0.6120666666666666,0.6039700374531835,0.008096629213483197,0.0421631223806882,0.03461894008137956,0.007544182299308644,0.69,0.66,0.029999999999999916
P0153,0.38209677419354837,0.3774583963691377,0.004638377824410678,0.10037248525390705,0.1803263561266587,-0.07995387087275166,0.7,0.85,-0.15000000000000002,0.3819672131147541,0.37916026625704047,0.0028069468577136547,0.08153217887913777,0.17204604330099846,-0.09051386442186068,0.6,0.7333333333333333,-0.1333333333333333,0.3797966101694915,0.3814896988906498,-0.001693088721158309,0.06029272650880022,0.1628461189335866,-0.1025533924247864,0.5,0.68,-0.18000000000000005,0.37507407407407406,0.39127366609294323,-0.01619959201886917,0.03951317260519391,0.14634536690636665,-0.10683219430117274,0.45,0.6,-0.14999999999999997
P0154,0.4288560045532157,0.4248905565978737,0.003965447955341983,0.10259024531771743,0.12780769405160877,-0.02521744873389134,0.7,0.8,-0.10000000000000009,0.4288685365388285,0.42506817705055594,0.0038003594882725644,0.08264322964886013,0.11608098924943143,-0.0334377596005713,0.6333333333333333,0.7,-0.06666666666666665,0.4285697741748698,0.42478011472275334,0.003789659452116456,0.0643688674412104,0.1055204985525245,-0.041151631111314105,0.58,0.66,-0.08000000000000007,0.4284078711985689,0.4258920342330481,0.002515836965520768,0.0457759510654366,0.09239540033128998,-0.04661944926585338,0.52,0.6,-0.07999999999999996
P0155,0.5048526863084922,0.5059795436664044,-0.001126857357912181,0.08839913107566608,0.11827356129517705,-0.029874430219510972,0.75,0.8,-0.050000000000000044,0.5041083916083916,0.5073750991276764,-0.003266707519284817,0.06817653213027568,0.10221474848013087,-0.034038216349855197,0.7,0.7333333333333333,-0.033333333333333326,0.5033629893238434,0.5100564061240935,-0.0066934168002501515,0.05128671673527047,0.08784691124867032,-0.03656019451339985,0.66,0.7,-0.039999999999999925,0.5034729981378026,0.5168513853904283,-0.013378387252625745,0.03772321175074348,0.07156457509885636,-0.03384136334811288,0.59,0.62,-0.030000000000000027
P0156,0.4152834008097166,0.4136783733826248,0.0016050274270917875,0.11132356389512976,0.143811208375028,-0.03248764447989824,0.7,0.75,-0.050000000000000044,0.4154958677685951,0.4152542372881356,0.0002416304804594982,0.08542019098503627,0.13524830582000041,-0.049828114834964146,0.6,0.6666666666666666,-0.06666666666666665,0.4132758620689655,0.4176125244618395,-0.004336662392874002,0.059549687483892395,0.12404695216006896,-0.06449726467617656,0.54,0.62,-0.07999999999999996,0.4101932367149758,0.42468546637744037,-0.01449222966246455,0.022998873164100063,0.09908561770978673,-0.07608674454568667,0.47,0.57,-0.09999999999999998
P0157,0.43579394583112063,0.43155339805825244,0.004240547772868197,0.13035652743054585,0.11210481643129334,0.018251710999252505,0.75,0.75,0.0,0.43554013169603134,0.4320487804878049,0.0034913512082264675,0.12030539610221516,0.0939986611498844,0.026306734952330768,0.7,0.7333333333333333,-0.033333333333333326,0.43506745817593095,0.43226600985221675,0.0028014483237142063,0.1100304539301826,0.07718628338122518,0.03284417054895741,0.66,0.7,-0.039999999999999925,0.4326733222407099,0.4353181818181818,-0.002644859577471903,0.10190725446116936,0.05483077522564978,0.047076479235519574,0.6,0.62,-0.020000000000000018
P0158,0.5623339658444023,0.571301247771836,-0.008967281927433679,0.11700588887052708,0.122931731044315,-0.005925842173787915,0.8,0.8,0.0,0.5627981947130883,0.5764065335753176,-0.01360833886222923,0.10488843305198792,0.11027067508768429,-0.005382242035696372,0.7666666666666667,0.7666666666666667,0.0,0.5614084507042253,0.5850094161958569,-0.023600965491631598,0.09024239752399846,0.09381508992574666,-0.0035726924017482065,0.7,0.76,-0.06000000000000005,0.5604697986577181,0.5976091476091476,-0.03713934895142956,0.06951415516258835,0.07147321903330203,-0.0019590638707136787,0.66,0.72,-0.05999999999999994
P0159,0.3671398154719659,0.37077922077922076,-0.0036394053072548727,0.09946119377764145,0.11667603249293634,-0.01721483871529489,0.65,0.7,-0.04999999999999993,0.367381462949726,0.37056710289966643,-0.003185639949940422,0.07866407338412452,0.09955943499857293,-0.02089536161444841,0.5666666666666667,0.6333333333333333,-0.06666666666666665,0.36831036983321247,0.3712900703674746,-0.0029797005342621086,0.06076359140472067,0.08124217113370921,-0.02047857972898854,0.52,0.56,-0.040000000000000036,0.3673438675696012,0.37497965825874696,-0.007635790689145772,0.036952411310643175,0.05695218392859351,-0.019999772617950336,0.5,0.52,-0.020000000000000018
P0160,0.37324955116696584,0.37941176470588234,-0.0061622135389164945,0.10774678001651751,0.11516111679618038,-0.0074143367796628695,0.65,0.7,-0.04999999999999993,0.3728214503351615,0.38117343649258545,-0.00835198615742394,0.08973691438612925,0.10363145472746114,-0.01389454034133189,0.5666666666666667,0.6333333333333333,-0.06666666666666665,0.37043643263757114,0.3858350100603622,-0.015398577422791049,0.07071067302659158,0.09465683514829581,-0.023946162121704237,0.54,0.56,-0.020000000000000018,0.3669182389937107,0.39664429530201345,-0.029726056308302773,0.053454457806366824,0.07892122829164969,-0.025466770485282862,0.49,0.52,-0.030000000000000027
P0161,0.38295819935691316,0.367595818815331,0.015362380541582177,0.08333248897605411,0.10382310597566453,-0.020490616999610425,0.6,0.65,-0.050000000000000044,0.38205980066445183,0.370517448856799,0.01154235180765284,0.0655727141894903,0.0881303607490063,-0.022557646559516004,0.5666666666666667,0.6,-0.033333333333333326,0.38185053380782913,0.3736964980544747,0.008154035753354438,0.0501328385718759,0.07708170224133093,-0.02694886366945503,0.5,0.52,-0.020000000000000018,0.37406926406926405,0.3889371980676329,-0.014867933998368832,0.02893303896265047,0.04736364530414653,-0.01843060634149606,0.45,0.47,-0.019999999999999962
P0162,0.4633043478260869,0.4716572504708098,-0.008352902644722882,0.09381500518833709,0.18864139905655514,-0.09482639386821805,0.7,0.85,-0.15000000000000002,0.4654867256637168,0.47632757517594365,-0.010840849512226858,0.07738717527819651,0.17482426410361582,-0.09743708882541931,0.6666666666666666,0.8333333333333334,-0.16666666666666674,0.4664954128440367,0.4857884231536926,-0.019293010309655856,0.058804703028108696,0.1628121970942695,-0.1040074940661608,0.62,0.76,-0.14,0.4676363636363637,0.5094456762749445,-0.04180931263858084,0.029382003199737505,0.13728247392730988,-0.10790047072757238,0.54,0.71,-0.16999999999999993
P0163,0.38200431034482757,0.3823017408123791,-0.00029743046755154046,0.09459801511754647,0.14063658069871182,-0.046038565581165355,0.65,0.7,-0.04999999999999993,0.38377386196769453,0.3842866535174228,-0.0005127915497282753,0.0699524470471549,0.1265736821386055,-0.0566212350914506,0.5666666666666667,0.7,-0.1333333333333333,0.38686635944700465,0.38928131416837786,-0.002414954721373208,0.04388764059898244,0.10620626612873685,-0.06231862552975441,0.52,0.6,-0.07999999999999996,0.388984375,0.39613272311212816,-0.007148348112128167,0.032359629002705025,0.06609687609777358,-0.033737247095068555,0.47,0.52,-0.050000000000000044
P0164,0.581740614334471,0.5872727272727273,-0.005532112938256284,0.08811279396143815,0.07660495779796923,0.011507836163468912,0.8,0.75,0.050000000000000044,0.5816254416961132,0.5892708333333332,-0.00764539163722,0.07105705519374182,0.052236337760594276,0.018820717433147546,0.7333333333333333,0.7,0.033333333333333326,0.5840304182509506,0.5934666666666666,-0.009436248415715998,0.04760930016879799,0.03770033893157402,0.00990896123722397,0.68,0.7,-0.019999999999999907,0.5935680751173709,0.5953200000000001,-0.0017519248826292078,0.029478110197261095,0.020593630083110655,0.00888448011415044,0.65,0.63,0.020000000000000018
P0165,0.43900735294117643,0.4420337587484562,-0.003026405807279753,0.10454087269380008,0.11396581221200634,-0.009424939518206263,0.7,0.75,-0.050000000000000044,0.4390282902829028,0.44271737632630564,-0.003689086043402845,0.0859929749315912,0.093820075708115,-0.007827100776523793,0.6333333333333333,0.7,-0.06666666666666665,0.4389293680297398,0.4444018340975406,-0.005472466067800774,0.06766887612123756,0.07364028427486224,-0.00597140815362468,0.64,0.62,0.020000000000000018,0.43861363636363637,0.4462835249042145,-0.007669888540578151,0.04905981935001033,0.05559559925592771,-0.006535779905917381,0.56,0.58,-0.019999999999999907
P0166,0.38429203539823004,0.37610837438423644,0.008183661013993593,0.09434770763810386,0.10396393879737233,-0.009616231159268462,0.6,0.55,0.04999999999999993,0.3873303167420814,0.3760942760942761,0.011236040647805312,0.0690768110365309,0.07871590139368329,-0.00963909035715238,0.5333333333333333,0.5,0.033333333333333326,0.3875829383886256,0.37829787234042556,0.009285066048200064,0.04760955430906755,0.05868484703966441,-0.011075292730596861,0.48,0.5,-0.020000000000000018,0.3847043010752689,0.3794478527607362,0.005256448314532647,0.03535030049294647,0.03605128476803807,-0.000700984275091597,0.47,0.45,0.019999999999999962
P0167,0.4234518348623853,0.41672576832151303,0.006726066540872266,0.12005307492682382,0.13655604577825942,-0.016502970851435594,0.75,0.75,0.0,0.42335653518948185,0.41734449760765546,0.0060120375818263905,0.09699519860099011,0.12088332467618876,-0.02388812607519865,0.6333333333333333,0.7,-0.06666666666666665,0.42168646080760097,0.4172794117647059,0.004407049042895073,0.07622012459900221,0.1073520430394877,-0.03113191844048549,0.58,0.62,-0.040000000000000036,0.41775252525252526,0.41300261096605745,0.004749914286467816,0.06582421777080417,0.08994554484558576,-0.02412132707478158,0.56,0.57,-0.009999999999999898
P0168,0.48484573502722317,0.47926587301587303,0.005579862011350134,0.10625587962787857,0.15546160382525448,-0.049205724197375914,0.8,0.8,0.0,0.4865064695009242,0.48265856950067476,0.003847900000249427,0.08378923357824218,0.14660115064464307,-0.0628119170664009,0.7333333333333333,0.7,0.033333333333333326,0.4864107485604607,0.4903375527426161,-0.003926804182155408,0.05717246864056976,0.13480526658038403,-0.07763279793981426,0.64,0.7,-0.05999999999999994,0.48777070063694267,0.5056603773584906,-0.017889676721547898,0.039319023873471366,0.11065856776014013,-0.07133954388666877,0.59,0.66,-0.07000000000000006
P0169,0.45044776119402996,0.4660511363636364,-0.015603375169606415,0.09662101430556144,0.16299584384991245,-0.066374829544351,0.7,0.75,-0.050000000000000044,0.44789743589743586,0.4676413255360624,-0.019743889638626555,0.0769938819431339,0.14995892444247977,-0.07296504249934586,0.6333333333333333,0.7333333333333333,-0.09999999999999998,0.4489180327868853,0.4771428571428571,-0.02822482435597179,0.065959325539595,0.13510257695510947,-0.06914325141551446,0.6,0.7,-0.09999999999999998,0.4575294117647059,0.5016911764705881,-0.044161764705882234,0.047151966644854895,0.10473745289910573,-0.057585486254250834,0.53,0.67,-0.14
P0170,0.4321307011572498,0.443418467583497,-0.011287766426247237,0.10957691674981579,0.1509332582982295,-0.04135634154841372,0.7,0.85,-0.15000000000000002,0.43193968471555866,0.44524280377938913,-0.01330311906383047,0.09669132071603997,0.1353894204912154,-0.03869809977517544,0.7,0.7333333333333333,-0.033333333333333326,0.431410701876303,0.44884435537742157,-0.017433653501118584,0.08574991627519524,0.11965576526376406,-0.033905848988568826,0.64,0.7,-0.05999999999999994,0.43021598272138223,0.4561161022805805,-0.025900119559198298,0.07755132630120064,0.10008487239670849,-0.022533546095507853,0.63,0.64,-0.010000000000000009
P0171,0.4338356164383562,0.43880597014925377,-0.004970353710897546,0.10688144933018721,0.15971544087504363,-0.05283399154485642,0.7,0.75,-0.050000000000000044,0.4333333333333333,0.43860544217687075,-0.00527210884353746,0.096706321799851,0.14146337832818937,-0.04475705652833836,0.6,0.6666666666666666,-0.06666666666666665,0.4301492537313433,0.43768817204301075,-0.007538918311667475,0.0845125184988897,0.12621891534663982,-0.04170639684775011,0.58,0.66,-0.08000000000000007,0.42273684210526313,0.45816770186335404,-0.035430859758090905,0.07021933714672865,0.10038464756200091,-0.030165310415272262,0.54,0.62,-0.07999999999999996
P0172,0.4234958111195736,0.41363271852445865,0.00986309259511492,0.0953114677116582,0.1328946251109784,-0.03758315739932021,0.7,0.75,-0.050000000000000044,0.4236889229982092,0.41511721907841553,0.008571703919793672,0.07672810400024305,0.11407927831814291,-0.03735117431789986,0.6,0.7,-0.09999999999999998,0.4237879968823071,0.41705834018077237,0.0067296567015347475,0.05980215715923537,0.09349011547173298,-0.033687958312497615,0.58,0.6,-0.020000000000000018,0.42399026763990266,0.4183461868037704,0.00564408083613227,0.04176526420082292,0.07330552643635252,-0.0315402622355296,0.51,0.57,-0.05999999999999994
P0173,0.5564606741573034,0.560569105691057,-0.00410843153375362,0.10056219006891019,0.16629047371141767,-0.06572828364250748,0.75,0.85,-0.09999999999999998,0.5605009633911368,0.567502321262767,-0.007001357871630254,0.07819745624693063,0.15157048868466608,-0.07337303243773545,0.7333333333333333,0.8,-0.06666666666666676,0.5661349693251534,0.5828908554572271,-0.016755886132073683,0.0546413308294647,0.1267144021407498,-0.0720730713112851,0.66,0.78,-0.12,0.5756884057971015,0.612076124567474,-0.0363877187703725,0.03357714472946075,0.07672253349718515,-0.0431453887677244,0.64,0.72,-0.07999999999999996
P0174,0.4691415313225058,0.4797959183673469,-0.010654387044841118,0.09227194708829328,0.1449136237580415,-0.05264167666974823,0.7,0.8,-0.10000000000000009,0.4688836104513065,0.48131944444444447,-0.012435833993137968,0.07420090293493914,0.1330226233601536,-0.05882172042521447,0.6333333333333333,0.7333333333333333,-0.09999999999999998,0.46758104738154616,0.4857391304347826,-0.018158083053236462,0.06582970579069168,0.11808663635738118,-0.052256930566689494,0.64,0.7,-0.05999999999999994,0.4658974358974359,0.4888292682926829,-0.022931832395247043,0.05807187578301689,0.10510898001575512,-0.047037104232738235,0.57,0.65,-0.08000000000000007
P0175,0.4729537366548043,0.47185598377281945,0.001097752881984826,0.0948532937008255,0.12761068277663037,-0.032757389075804874,0.7,0.75,-0.050000000000000044,0.47360861759425493,0.4732923497267759,0.00031626786747901425,0.0724158096886484,0.11331765463607218,-0.040901844947423785,0.6666666666666666,0.7,-0.033333333333333326,0.47402193784277885,0.4767154811715481,-0.0026935433287692545,0.05459258671482343,0.09822955040133702,-0.04363696368651359,0.62,0.64,-0.020000000000000018,0.47360153256704984,0.4844481236203091,-0.010846591053259247,0.03737121227937064,0.07574919448795561,-0.038377982208584974,0.58,0.6,-0.020000000000000018
P0176,0.5430454545454546,0.5527896995708155,-0.009744245025360865,0.1139748685507337,0.13505183705594093,-0.021076968505207225,0.9,0.85,0.050000000000000044,0.5426605504587156,0.5537373737373738,-0.01107682327865811,0.09432228333128101,0.1208445123078053,-0.026522228976524287,0.7666666666666667,0.8,-0.033333333333333326,0.5446355140186916,0.5553656387665199,-0.010730124747828307,0.0797812889458254,0.10652386243769439,-0.026742573491868996,0.74,0.78,-0.040000000000000036,0.5472549019607844,0.5579723502304147,-0.01071744826963028,0.06669886765574821,0.09269015413342593,-0.02599128647767772,0.7,0.74,-0.040000000000000036
P0177,0.5093694755450795,0.5210214446952596,-0.011651969150180075,0.10660570470239031,0.12426863056452493,-0.017662925862134624,0.8,0.8,0.0,0.509484291641968,0.5211312902005296,-0.011646998558561661,0.08817089484923707,0.10732678138815364,-0.019155886538916575,0.7333333333333333,0.7666666666666667,-0.03333333333333344,0.5091061787642472,0.5221354764638346,-0.013029297699587383,0.07512344652218615,0.08920382633888854,-0.01408037981670239,0.72,0.7,0.020000000000000018,0.5082189239332097,0.5269089834515367,-0.01869005951832703,0.06191177366680728,0.060702808497521125,0.0012089651692861539,0.64,0.67,-0.030000000000000027
P0178,0.45560253699788583,0.4586744639376218,-0.0030719269397359583,0.08273410984746775,0.1624249632450058,-0.07969085339753805,0.65,0.85,-0.19999999999999996,0.45658747300215985,0.45944333996023856,-0.002855866958078712,0.06322406144266712,0.14166621620534145,-0.07844215476267433,0.6,0.7666666666666667,-0.16666666666666674,0.45738148984198645,0.4636438923395445,-0.0062624024975580506,0.04340378238754784,0.12050262876510635,-0.07709884637755851,0.58,0.72,-0.14,0.45605597964376593,0.4766974595842956,-0.020641479940529672,0.01891367616772854,0.09877982336458643,-0.07986614719685789,0.51,0.65,-0.14
P0179,0.5653846153846154,0.574954954954955,-0.009570339570339592,0.11957310134362595,0.11837392178318375,0.0011991795604422012,0.8,0.8,0.0,0.5694903581267218,0.58,-0.010509641873278186,0.10217477755660771,0.1053589563539613,-0.0031841787973535818,0.7,0.7666666666666667,-0.06666666666666676,0.576551724137931,0.5880761904761905,-0.011524466338259542,0.07689113944150884,0.08980992576792338,-0.012918786326414536,0.68,0.76,-0.07999999999999996,0.5833574879227053,0.5996631578947369,-0.016305669972031644,0.05442348464262453,0.06952994213420283,-0.015106457491578296,0.67,0.72,-0.04999999999999993
P0180,0.3823012092341518,0.38323773103887826,-0.0009365218047264756,0.10423454329951987,0.1681956362013348,-0.06396109290181493,0.7,0.85,-0.15000000000000002,0.38257937967389966,0.3833972719522591,-0.0008178922783594333,0.0856419435880092,0.15763913020543754,-0.07199718661742835,0.6333333333333333,0.8,-0.16666666666666674,0.3834605409410893,0.38305662805662805,0.00040391288446123275,0.066956485921046,0.14773206340882458,-0.08077557748777858,0.6,0.76,-0.16000000000000003,0.3841147602869007,0.38321124918247224,0.0009035111044284894,0.04847757383881116,0.1365206552780091,-0.08804308143919795,0.56,0.71,-0.1499999999999999
P0181,0.5766634522661523,0.5867448151487827,-0.010081362882630396,0.09219939580668378,0.14583223677519255,-0.053632840968508774,0.85,0.9,-0.050000000000000044,0.5758519961051606,0.5879284197755537,-0.012076423670393077,0.07015397474195426,0.13642112081399013,-0.06626714607203588,0.7333333333333333,0.8666666666666667,-0.13333333333333341,0.5737239324726912,0.5895458758109361,-0.015821943338244937,0.04901750952007409,0.12661002965784535,-0.07759252013777126,0.72,0.84,-0.12,0.5710867293625914,0.5954616132167153,-0.024374883854123897,0.027947364346972474,0.11236613127386669,-0.0844187669268942,0.65,0.78,-0.13
P0182,0.4252396166134185,0.424896265560166,0.00034335105325250526,0.10004962073610114,0.14438244137525372,-0.04433282063915257,0.65,0.8,-0.15000000000000002,0.4263528138528138,0.42646096306685377,-0.00010814921403995426,0.07883972578727112,0.12798222400189765,-0.04914249821462653,0.6333333333333333,0.7333333333333333,-0.09999999999999998,0.4287248322147651,0.42822510822510823,0.0004997239896568639,0.056369926184021056,0.116226857356723,-0.059856931172701945,0.58,0.68,-0.10000000000000009,0.42500000000000004,0.43199066874027997,-0.006990668740279926,0.03540581066112494,0.09963269982313709,-0.06422688916201215,0.52,0.62,-0.09999999999999998
P0183,0.5240265486725664,0.5261283851554663,-0.002101836482899966,0.10155943028216918,0.14635955357772348,-0.0448001232955543,0.8,0.85,-0.04999999999999993,0.5244940476190477,0.5268828098615332,-0.0023887622424855204,0.08271342022431474,0.1288246405880292,-0.046111220363714456,0.7666666666666667,0.8,-0.033333333333333326,0.5248909090909092,0.5311685625646329,-0.0062776534737236656,0.06202409289279089,0.1077636711290205,-0.0457395782362296,0.68,0.76,-0.07999999999999996,0.5250380952380952,0.537742639040349,-0.012704543802253832,0.042242480042978134,0.07318302344997603,-0.030940543406997895,0.62,0.71,-0.08999999999999997
P0184,0.4909448818897639,0.48484848484848486,0.006096397041279011,0.11804131847580207,0.14227372231017885,-0.024232403834376776,0.7,0.8,-0.10000000000000009,0.4983606557377049,0.48222996515679434,0.016130690580910545,0.10413600283239607,0.12195077705798835,-0.017814774225592273,0.6666666666666666,0.7333333333333333,-0.06666666666666665,0.5116964285714286,0.48516853932584264,0.026527889245585967,0.08062687863655314,0.09626094792992794,-0.015634069293374797,0.64,0.66,-0.020000000000000018,0.5271264367816092,0.503225806451613,0.02390063032999623,0.03263902346610139,0.06414061221932929,-0.0315015887532279,0.57,0.6,-0.030000000000000027
P0185,0.6137362637362638,0.6025345622119815,0.011201701524282237,0.12199485083394453,0.0769854253602323,0.04500942547371223,0.85,0.8,0.04999999999999993,0.6165543071161047,0.603066037735849,0.013488269380255713,0.10718559334292654,0.06141698424282042,0.04576860910010613,0.8333333333333334,0.7,0.13333333333333341,0.6264000000000001,0.6055940594059406,0.02080594059405949,0.0832542809356831,0.04502357539053253,0.03823070554515057,0.82,0.7,0.12,0.6379999999999999,0.611497175141243,0.02650282485875688,0.05381945125447985,0.026334790268024755,0.027484660986455096,0.76,0.66,0.09999999999999998
