FBgn,Is the gene aligned to non-genic syntenic regions in furthest aligned branch?,Is the gene de novo?,transition_class,transition_group,n_dmel_records,n_unique_sequences,min_length,max_length,mean_length,mean_gc,n_terminal_stop,log_mean_length,length_range,gc_percent,terminal_stop_fraction
FBgn0035694,Yes,de novo,RETAINED_DE_NOVO,RETAINED_555,3,1,339,339,339.0,0.5132743362831859,3,5.8289456176102075,0,51.32743362831859,1.0
FBgn0284232,Yes,de novo,RETAINED_DE_NOVO,RETAINED_555,3,1,69,69,69.0,0.3333333333333333,3,4.248495242049359,0,33.33333333333333,1.0
FBgn0034998,Yes,de novo,RETAINED_DE_NOVO,RETAINED_555,3,2,696,1314,1108.0,0.5263497436974055,3,7.011213987350367,618,52.63497436974055,1.0
FBgn0265429,Yes,de novo,RETAINED_DE_NOVO,RETAINED_555,3,1,645,645,645.0,0.4372093023255814,3,6.470799503782602,0,43.72093023255814,1.0
FBgn0266047,Yes,de novo,RETAINED_DE_NOVO,RETAINED_555,3,1,261,261,261.0,0.4904214559386973,3,5.568344503761097,0,49.042145593869726,1.0
FBgn0261566,Yes,de novo,RETAINED_DE_NOVO,RETAINED_555,3,1,183,183,183.0,0.5081967213114754,3,5.214935757608986,0,50.81967213114754,1.0
FBgn0036470,Yes,de novo,RETAINED_DE_NOVO,RETAINED_555,3,1,636,636,636.0,0.4748427672955975,3,6.456769655572163,0,47.48427672955975,1.0
FBgn0036469,Yes,de novo,RETAINED_DE_NOVO,RETAINED_555,3,1,279,279,279.0,0.4910394265232975,3,5.634789603169249,0,49.10394265232975,1.0
FBgn0263763,Yes,de novo,RETAINED_DE_NOVO,RETAINED_555,3,1,150,150,150.0,0.4733333333333333,3,5.017279836814924,0,47.33333333333333,1.0
FBgn0263762,Yes,de novo,RETAINED_DE_NOVO,RETAINED_555,3,1,192,192,192.0,0.4947916666666667,3,5.262690188904886,0,49.47916666666667,1.0
FBgn0051128,Yes,de novo,RETAINED_DE_NOVO,RETAINED_555,3,1,501,501,501.0,0.4730538922155688,3,6.218600119691729,0,47.30538922155688,1.0
FBgn0037449,Yes,de novo,RETAINED_DE_NOVO,RETAINED_555,3,1,1029,1029,1029.0,0.4849368318756074,3,6.937314081223682,0,48.49368318756074,1.0
FBgn0030033,Yes,de novo,RETAINED_DE_NOVO,RETAINED_555,3,1,2868,2868,2868.0,0.5516039051603905,3,7.9617188159813645,0,55.16039051603905,1.0
FBgn0263761,Yes,de novo,RETAINED_DE_NOVO,RETAINED_555,3,1,255,255,255.0,0.403921568627451,3,5.545177444479562,0,40.3921568627451,1.0
FBgn0052712,Yes,de novo,RETAINED_DE_NOVO,RETAINED_555,3,1,552,552,552.0,0.5398550724637681,3,6.315358001522335,0,53.985507246376805,1.0
FBgn0261567,Yes,de novo,RETAINED_DE_NOVO,RETAINED_555,3,1,330,330,330.0,0.3787878787878787,3,5.802118375377063,0,37.87878787878787,1.0
FBgn0287588,Yes,de novo,RETAINED_DE_NOVO,RETAINED_555,3,1,96,96,96.0,0.4791666666666667,3,4.574710978503383,0,47.91666666666667,1.0
FBgn0261568,Yes,de novo,RETAINED_DE_NOVO,RETAINED_555,3,1,633,633,633.0,0.3744075829383886,3,6.452048954437226,0,37.44075829383886,1.0
FBgn0032554,Yes,de novo,RETAINED_DE_NOVO,RETAINED_555,3,1,591,591,591.0,0.4957698815566836,3,6.3835066348840055,0,49.57698815566836,1.0
FBgn0002863,Yes,de novo,RETAINED_DE_NOVO,RETAINED_555,3,1,159,159,159.0,0.4528301886792453,3,5.075173815233827,0,45.28301886792453,1.0
FBgn0266487,Yes,de novo,RETAINED_DE_NOVO,RETAINED_555,3,1,96,96,96.0,0.3020833333333333,3,4.574710978503383,0,30.208333333333332,1.0
FBgn0036443,Yes,de novo,RETAINED_DE_NOVO,RETAINED_555,3,1,801,801,801.0,0.4956304619225967,3,6.687108607866515,0,49.56304619225967,1.0
FBgn0036438,Yes,de novo,RETAINED_DE_NOVO,RETAINED_555,3,1,342,342,342.0,0.4970760233918128,3,5.83773044716594,0,49.70760233918128,1.0
FBgn0262976,Yes,de novo,RETAINED_DE_NOVO,RETAINED_555,3,1,222,222,222.0,0.481981981981982,3,5.407171771460119,0,48.1981981981982,1.0
FBgn0262354,Yes,de novo,RETAINED_DE_NOVO,RETAINED_555,3,1,396,396,396.0,0.4646464646464647,3,5.983936280687191,0,46.46464646464647,1.0
FBgn0083938,Yes,de novo,RETAINED_DE_NOVO,RETAINED_555,3,1,1248,1248,1248.0,0.4887820512820512,3,7.130098510125578,0,48.878205128205124,1.0
FBgn0260428,Yes,de novo,RETAINED_DE_NOVO,RETAINED_555,3,1,555,555,555.0,0.4414414414414414,3,6.320768294250582,0,44.144144144144136,1.0
FBgn0263206,Yes,de novo,RETAINED_DE_NOVO,RETAINED_555,3,1,222,222,222.0,0.4639639639639639,3,5.407171771460119,0,46.39639639639639,1.0
FBgn0261615,Yes,de novo,RETAINED_DE_NOVO,RETAINED_555,3,1,360,360,360.0,0.4277777777777777,3,5.8888779583328805,0,42.77777777777777,1.0
FBgn0261616,Yes,de novo,RETAINED_DE_NOVO,RETAINED_555,3,1,264,264,264.0,0.4242424242424242,3,5.579729825986222,0,42.42424242424242,1.0
FBgn0014850,Yes,de novo,RETAINED_DE_NOVO,RETAINED_555,3,1,297,297,297.0,0.4545454545454545,3,5.697093486505405,0,45.454545454545446,1.0
FBgn0004593,Yes,de novo,RETAINED_DE_NOVO,RETAINED_555,3,1,297,297,297.0,0.4646464646464647,3,5.697093486505405,0,46.46464646464647,1.0
FBgn0262530,Yes,de novo,RETAINED_DE_NOVO,RETAINED_555,3,1,345,345,345.0,0.3826086956521739,3,5.846438775057724,0,38.26086956521739,1.0
FBgn0052719,Yes,de novo,RETAINED_DE_NOVO,RETAINED_555,3,1,3663,3663,3663.0,0.4078624078624078,3,8.20631072579402,0,40.78624078624078,1.0
FBgn0262612,Yes,de novo,RETAINED_DE_NOVO,RETAINED_555,3,1,342,342,342.0,0.4707602339181286,3,5.83773044716594,0,47.07602339181286,1.0
FBgn0266534,Yes,de novo,RETAINED_DE_NOVO,RETAINED_555,3,1,1041,1041,1041.0,0.4082612872238232,3,6.948897222313312,0,40.82612872238232,1.0
FBgn0266489,Yes,de novo,RETAINED_DE_NOVO,RETAINED_555,3,1,66,66,66.0,0.3333333333333333,3,4.204692619390966,0,33.33333333333333,1.0
FBgn0040679,Yes,de novo,RETAINED_DE_NOVO,RETAINED_555,3,1,180,180,180.0,0.5277777777777778,3,5.198497031265826,0,52.77777777777778,1.0
FBgn0262529,Yes,de novo,RETAINED_DE_NOVO,RETAINED_555,3,1,393,393,393.0,0.3842239185750636,3,5.976350909297934,0,38.42239185750636,1.0
FBgn0032533,Yes,de novo,RETAINED_DE_NOVO,RETAINED_555,3,1,510,510,510.0,0.5254901960784314,3,6.236369590203704,0,52.54901960784314,1.0
FBgn0262893,Yes,de novo,RETAINED_DE_NOVO,RETAINED_555,3,1,366,366,366.0,0.4262295081967213,3,5.905361848054571,0,42.62295081967213,1.0
FBgn0262821,Yes,de novo,RETAINED_DE_NOVO,RETAINED_555,3,1,513,513,513.0,0.4152046783625731,3,6.2422232654551655,0,41.52046783625731,1.0
FBgn0050065,Yes,de novo,RETAINED_DE_NOVO,RETAINED_555,3,1,252,252,252.0,0.5,3,5.53338948872752,0,50.0,1.0
FBgn0261628,Yes,de novo,RETAINED_DE_NOVO,RETAINED_555,3,1,561,561,561.0,0.3689839572192513,3,6.331501849893691,0,36.898395721925134,1.0
FBgn0036503,Yes,de novo,RETAINED_DE_NOVO,RETAINED_555,3,1,339,339,339.0,0.5221238938053098,3,5.8289456176102075,0,52.21238938053098,1.0
FBgn0028377,Yes,de novo,RETAINED_DE_NOVO,RETAINED_555,3,1,120,120,120.0,0.55,3,4.795790545596741,0,55.00000000000001,1.0
FBgn0263774,Yes,de novo,RETAINED_DE_NOVO,RETAINED_555,3,1,3291,3291,3291.0,0.4545730780917654,3,8.09925056179696,0,45.45730780917654,1.0
FBgn0051560,Yes,de novo,RETAINED_DE_NOVO,RETAINED_555,3,1,840,840,840.0,0.4476190476190476,3,6.734591659972948,0,44.76190476190476,1.0
FBgn0028430,Yes,de novo,RETAINED_DE_NOVO,RETAINED_555,3,1,471,471,471.0,0.3736730360934182,3,6.156978985585555,0,37.36730360934182,1.0
FBgn0029987,Yes,de novo,RETAINED_DE_NOVO,RETAINED_555,3,1,546,546,546.0,0.5567765567765568,3,6.304448802421981,0,55.67765567765568,1.0
FBgn0262875,Yes,de novo,RETAINED_DE_NOVO,RETAINED_555,3,1,171,171,171.0,0.4619883040935672,3,5.147494476813453,0,46.198830409356724,1.0
FBgn0014848,Yes,de novo,RETAINED_DE_NOVO,RETAINED_555,3,1,306,306,306.0,0.4542483660130719,3,5.726847747587197,0,45.42483660130719,1.0
FBgn0262900,Yes,de novo,RETAINED_DE_NOVO,RETAINED_555,3,1,408,408,408.0,0.3872549019607843,3,6.013715156042802,0,38.72549019607843,1.0
FBgn0085263,Yes,de novo,RETAINED_DE_NOVO,RETAINED_555,3,1,375,375,375.0,0.4986666666666666,3,5.929589143389895,0,49.86666666666666,1.0
FBgn0261060,Yes,de novo,RETAINED_DE_NOVO,RETAINED_555,3,1,162,162,162.0,0.5061728395061729,3,5.093750200806762,0,50.617283950617285,1.0
FBgn0284444,Yes,de novo,RETAINED_DE_NOVO,RETAINED_555,3,1,354,354,354.0,0.5677966101694916,3,5.872117789475416,0,56.779661016949156,1.0
FBgn0085197,Yes,de novo,RETAINED_DE_NOVO,RETAINED_555,3,1,183,183,183.0,0.5901639344262295,3,5.214935757608986,0,59.01639344262295,1.0
FBgn0262819,Yes,de novo,RETAINED_DE_NOVO,RETAINED_555,3,1,345,345,345.0,0.4869565217391304,3,5.846438775057724,0,48.69565217391304,1.0
FBgn0262541,Yes,de novo,RETAINED_DE_NOVO,RETAINED_555,3,1,441,441,441.0,0.3990929705215419,3,6.091309882077698,0,39.909297052154194,1.0
FBgn0262540,Yes,de novo,RETAINED_DE_NOVO,RETAINED_555,3,1,273,273,273.0,0.3626373626373626,3,5.6131281063880705,0,36.26373626373626,1.0
FBgn0040984,Yes,de novo,RETAINED_DE_NOVO,RETAINED_555,3,1,240,240,240.0,0.5083333333333333,3,5.484796933490655,0,50.83333333333333,1.0
FBgn0028899,Yes,de novo,RETAINED_DE_NOVO,RETAINED_555,3,1,7062,7062,7062.0,0.3905409232512036,3,8.862625169408922,0,39.05409232512036,1.0
FBgn0030195,Yes,de novo,RETAINED_DE_NOVO,RETAINED_555,3,1,1056,1056,1056.0,0.5748106060606061,3,6.963189985870238,0,57.48106060606061,1.0
FBgn0052681,Yes,de novo,RETAINED_DE_NOVO,RETAINED_555,3,1,4521,4521,4521.0,0.5235567352355673,3,8.416709652837914,0,52.35567352355673,1.0
FBgn0262363,Yes,de novo,RETAINED_DE_NOVO,RETAINED_555,3,1,162,162,162.0,0.5,3,5.093750200806762,0,50.0,1.0
FBgn0259151,Yes,de novo,RETAINED_DE_NOVO,RETAINED_555,3,1,1716,1716,1716.0,0.5081585081585082,3,7.448333860897476,0,50.815850815850816,1.0
FBgn0287423,Yes,de novo,RETAINED_DE_NOVO,RETAINED_555,3,1,360,360,360.0,0.45,3,5.8888779583328805,0,45.0,1.0
FBgn0051815,Yes,de novo,RETAINED_DE_NOVO,RETAINED_555,3,1,1332,1332,1332.0,0.4226726726726726,3,7.195187320178709,0,42.26726726726726,1.0
FBgn0032590,Yes,de novo,RETAINED_DE_NOVO,RETAINED_555,3,1,2391,2391,2391.0,0.4127979924717691,3,7.779885115070522,0,41.27979924717691,1.0
FBgn0040531,Yes,de novo,RETAINED_DE_NOVO,RETAINED_555,3,1,204,204,204.0,0.5490196078431373,3,5.3230099791384085,0,54.90196078431373,1.0
FBgn0259970,Yes,de novo,RETAINED_DE_NOVO,RETAINED_555,3,1,168,168,168.0,0.4226190476190476,3,5.1298987149230735,0,42.26190476190476,1.0
FBgn0259992,Yes,de novo,RETAINED_DE_NOVO,RETAINED_555,3,1,234,234,234.0,0.5,3,5.459585514144159,0,50.0,1.0
FBgn0053107,Yes,de novo,RETAINED_DE_NOVO,RETAINED_555,3,1,876,876,876.0,0.5011415525114156,3,6.776506992372183,0,50.114155251141554,1.0
FBgn0053325,Yes,de novo,RETAINED_DE_NOVO,RETAINED_555,3,1,942,942,942.0,0.3970276008492568,3,6.849066282633458,0,39.70276008492568,1.0
FBgn0265158,Yes,de novo,RETAINED_DE_NOVO,RETAINED_555,3,1,162,162,162.0,0.4814814814814814,3,5.093750200806762,0,48.14814814814814,1.0
FBgn0053125,Yes,de novo,RETAINED_DE_NOVO,RETAINED_555,3,1,3792,3792,3792.0,0.4253691983122363,3,8.2409125416889,0,42.53691983122363,1.0
FBgn0265578,Yes,de novo,RETAINED_DE_NOVO,RETAINED_555,3,1,1776,1776,1776.0,0.4273648648648648,3,7.482681828154651,0,42.73648648648648,1.0
FBgn0050039,Yes,de novo,RETAINED_DE_NOVO,RETAINED_555,3,1,444,444,444.0,0.4504504504504504,3,6.09807428216624,0,45.04504504504504,1.0
FBgn0265373,Yes,de novo,RETAINED_DE_NOVO,RETAINED_555,3,1,294,294,294.0,0.5578231292517006,3,5.68697535633982,0,55.78231292517006,1.0
FBgn0262362,Yes,de novo,RETAINED_DE_NOVO,RETAINED_555,3,1,288,288,288.0,0.4513888888888889,3,5.666426688112432,0,45.13888888888889,1.0
FBgn0260713,Yes,de novo,RETAINED_DE_NOVO,RETAINED_555,3,1,363,363,363.0,0.6170798898071626,3,5.8971538676367405,0,61.70798898071625,1.0
FBgn0265423,Yes,de novo,RETAINED_DE_NOVO,RETAINED_555,3,1,324,324,324.0,0.4969135802469135,3,5.783825182329737,0,49.691358024691354,1.0
FBgn0028853,Yes,de novo,RETAINED_DE_NOVO,RETAINED_555,3,1,879,879,879.0,0.4744027303754266,3,6.779921907472252,0,47.44027303754266,1.0
FBgn0028850,Yes,de novo,RETAINED_DE_NOVO,RETAINED_555,3,1,693,693,693.0,0.5151515151515151,3,6.542471960506805,0,51.515151515151516,1.0
FBgn0037500,Yes,de novo,RETAINED_DE_NOVO,RETAINED_555,3,1,603,603,603.0,0.5091210613598673,3,6.403574197934815,0,50.91210613598673,1.0
FBgn0266163,Yes,de novo,RETAINED_DE_NOVO,RETAINED_555,3,1,231,231,231.0,0.4848484848484848,3,5.44673737166631,0,48.48484848484848,1.0
FBgn0264363,Yes,de novo,RETAINED_DE_NOVO,RETAINED_555,3,1,165,165,165.0,0.5151515151515151,3,5.111987788356544,0,51.515151515151516,1.0
FBgn0261508,Yes,de novo,RETAINED_DE_NOVO,RETAINED_555,3,1,159,159,159.0,0.4528301886792453,3,5.075173815233827,0,45.28301886792453,1.0
FBgn0267105,Yes,de novo,RETAINED_DE_NOVO,RETAINED_555,3,1,177,177,177.0,0.4632768361581921,3,5.181783550292085,0,46.32768361581921,1.0
FBgn0264990,Yes,de novo,RETAINED_DE_NOVO,RETAINED_555,3,1,180,180,180.0,0.4222222222222222,3,5.198497031265826,0,42.22222222222222,1.0
FBgn0264989,Yes,de novo,RETAINED_DE_NOVO,RETAINED_555,3,1,180,180,180.0,0.4222222222222222,3,5.198497031265826,0,42.22222222222222,1.0
FBgn0259968,Yes,de novo,RETAINED_DE_NOVO,RETAINED_555,3,2,192,249,230.0,0.4181308567603748,3,5.442417710521793,57,41.81308567603748,1.0
FBgn0264393,Yes,de novo,RETAINED_DE_NOVO,RETAINED_555,3,1,228,228,228.0,0.4824561403508772,3,5.43372200355424,0,48.24561403508772,1.0
FBgn0085204,Yes,de novo,RETAINED_DE_NOVO,RETAINED_555,3,1,261,261,261.0,0.5134099616858238,3,5.568344503761097,0,51.34099616858238,1.0
FBgn0266050,Yes,de novo,RETAINED_DE_NOVO,RETAINED_555,3,1,360,360,360.0,0.4722222222222221,3,5.8888779583328805,0,47.22222222222221,1.0
FBgn0040688,Yes,de novo,RETAINED_DE_NOVO,RETAINED_555,3,1,267,267,267.0,0.6479400749063671,3,5.5909869805108565,0,64.7940074906367,1.0
FBgn0031526,Yes,de novo,RETAINED_DE_NOVO,RETAINED_555,3,1,672,672,672.0,0.5267857142857143,3,6.511745329644728,0,52.67857142857143,1.0
FBgn0262150,Yes,de novo,RETAINED_DE_NOVO,RETAINED_555,3,1,732,732,732.0,0.4030054644808743,3,6.597145701886651,0,40.30054644808743,1.0
FBgn0028900,Yes,de novo,RETAINED_DE_NOVO,RETAINED_555,3,1,999,999,999.0,0.4104104104104104,3,6.907755278982137,0,41.04104104104104,1.0
FBgn0039088,Yes,de novo,RETAINED_DE_NOVO,RETAINED_555,3,1,1161,1161,1161.0,0.4461670973298879,3,7.057897937411856,0,44.61670973298879,1.0
FBgn0263777,Yes,de novo,RETAINED_DE_NOVO,RETAINED_555,3,1,129,129,129.0,0.4573643410852713,3,4.867534450455582,0,45.73643410852713,1.0
FBgn0036393,Yes,de novo,RETAINED_DE_NOVO,RETAINED_555,3,1,462,462,462.0,0.5064935064935064,3,6.137727054086234,0,50.649350649350644,1.0
FBgn0036390,Yes,de novo,RETAINED_DE_NOVO,RETAINED_555,3,1,282,282,282.0,0.5177304964539007,3,5.645446897643238,0,51.77304964539007,1.0
FBgn0262581,Yes,de novo,RETAINED_DE_NOVO,RETAINED_555,3,1,354,354,354.0,0.4463276836158192,3,5.872117789475416,0,44.632768361581924,1.0
FBgn0261849,Yes,de novo,RETAINED_DE_NOVO,RETAINED_555,3,1,120,120,120.0,0.45,3,4.795790545596741,0,45.0,1.0
FBgn0028943,Yes,de novo,RETAINED_DE_NOVO,RETAINED_555,3,1,324,324,324.0,0.6141975308641975,3,5.783825182329737,0,61.419753086419746,1.0
FBgn0036532,Yes,de novo,RETAINED_DE_NOVO,RETAINED_555,3,1,324,324,324.0,0.5061728395061729,3,5.783825182329737,0,50.617283950617285,1.0
FBgn0259962,Yes,de novo,RETAINED_DE_NOVO,RETAINED_555,3,1,282,282,282.0,0.3829787234042554,3,5.645446897643238,0,38.297872340425535,1.0
FBgn0263585,Yes,de novo,RETAINED_DE_NOVO,RETAINED_555,3,1,168,168,168.0,0.3928571428571428,3,5.1298987149230735,0,39.28571428571428,1.0
FBgn0053200,Yes,de novo,RETAINED_DE_NOVO,RETAINED_555,3,1,246,246,246.0,0.4837398373983739,3,5.5093883366279774,0,48.37398373983739,1.0
FBgn0265349,Yes,de novo,RETAINED_DE_NOVO,RETAINED_555,3,1,153,153,153.0,0.3725490196078431,3,5.0369526024136295,0,37.25490196078431,1.0
FBgn0029725,Yes,de novo,RETAINED_DE_NOVO,RETAINED_555,3,1,1227,1227,1227.0,0.4767726161369193,3,7.113142108707088,0,47.67726161369193,1.0
FBgn0263024,Yes,de novo,RETAINED_DE_NOVO,RETAINED_555,3,1,174,174,174.0,0.4770114942528735,3,5.1647859739235145,0,47.70114942528735,1.0
FBgn0259963,Yes,de novo,RETAINED_DE_NOVO,RETAINED_555,3,1,153,153,153.0,0.3856209150326797,3,5.0369526024136295,0,38.56209150326797,1.0
FBgn0051055,Yes,de novo,RETAINED_DE_NOVO,RETAINED_555,3,1,1311,1311,1311.0,0.5293668954996186,3,7.179307969504034,0,52.936689549961855,1.0
FBgn0034737,Yes,de novo,RETAINED_DE_NOVO,RETAINED_555,3,1,336,336,336.0,0.3869047619047619,3,5.820082930352362,0,38.69047619047619,1.0
FBgn0261538,Yes,de novo,RETAINED_DE_NOVO,RETAINED_555,3,1,138,138,138.0,0.5362318840579711,3,4.9344739331306915,0,53.62318840579711,1.0
FBgn0265670,Yes,de novo,RETAINED_DE_NOVO,RETAINED_555,3,1,108,108,108.0,0.4722222222222221,3,4.6913478822291435,0,47.22222222222221,1.0
FBgn0032385,Yes,de novo,RETAINED_DE_NOVO,RETAINED_555,3,1,357,357,357.0,0.4201680672268907,3,5.8805329864007,0,42.01680672268907,1.0
FBgn0262613,Yes,de novo,RETAINED_DE_NOVO,RETAINED_555,3,1,336,336,336.0,0.4345238095238095,3,5.820082930352362,0,43.45238095238095,1.0
FBgn0263401,Yes,de novo,RETAINED_DE_NOVO,RETAINED_555,3,1,198,198,198.0,0.5505050505050505,3,5.293304824724492,0,55.05050505050505,1.0
FBgn0265317,Yes,de novo,RETAINED_DE_NOVO,RETAINED_555,3,1,210,210,210.0,0.5761904761904761,3,5.351858133476067,0,57.61904761904761,1.0
FBgn0285938,Yes,de novo,RETAINED_DE_NOVO,RETAINED_555,3,1,72,72,72.0,0.3333333333333333,3,4.290459441148391,0,33.33333333333333,1.0
FBgn0036654,Yes,de novo,RETAINED_DE_NOVO,RETAINED_555,3,2,753,1149,1017.0,0.5220995911913703,3,6.925595197110468,396,52.209959119137025,1.0
FBgn0260429,Yes,de novo,RETAINED_DE_NOVO,RETAINED_555,3,1,258,258,258.0,0.5232558139534884,3,5.556828061699537,0,52.32558139534884,1.0
FBgn0262141,Yes,de novo,RETAINED_DE_NOVO,RETAINED_555,3,1,204,204,204.0,0.4705882352941176,3,5.3230099791384085,0,47.05882352941176,1.0
FBgn0029766,Yes,de novo,RETAINED_DE_NOVO,RETAINED_555,3,1,1665,1665,1665.0,0.578978978978979,3,7.418180822726788,0,57.8978978978979,1.0
FBgn0050472,Yes,de novo,RETAINED_DE_NOVO,RETAINED_555,3,1,639,639,639.0,0.378716744913928,3,6.461468176353717,0,37.871674491392795,1.0
FBgn0051861,Yes,de novo,RETAINED_DE_NOVO,RETAINED_555,3,1,489,489,489.0,0.4396728016359918,3,6.194405391104672,0,43.967280163599185,1.0
FBgn0039521,Yes,de novo,RETAINED_DE_NOVO,RETAINED_555,3,1,465,465,465.0,0.4731182795698925,3,6.144185634125646,0,47.31182795698925,1.0
FBgn0262786,Yes,de novo,RETAINED_DE_NOVO,RETAINED_555,3,1,381,381,381.0,0.4278215223097112,3,5.945420608606575,0,42.78215223097112,1.0
FBgn0032371,Yes,de novo,RETAINED_DE_NOVO,RETAINED_555,3,1,1104,1104,1104.0,0.453804347826087,3,7.007600613951853,0,45.380434782608695,1.0
FBgn0032370,Yes,de novo,RETAINED_DE_NOVO,RETAINED_555,3,1,549,549,549.0,0.5409836065573771,3,6.309918278226516,0,54.09836065573771,1.0
FBgn0034671,Yes,de novo,RETAINED_DE_NOVO,RETAINED_555,3,1,363,363,363.0,0.6060606060606061,3,5.8971538676367405,0,60.60606060606061,1.0
FBgn0051909,Yes,de novo,RETAINED_DE_NOVO,RETAINED_555,3,1,384,384,384.0,0.3541666666666667,3,5.953243334287785,0,35.41666666666667,1.0
FBgn0264344,Yes,de novo,RETAINED_DE_NOVO,RETAINED_555,3,1,384,384,384.0,0.3619791666666667,3,5.953243334287785,0,36.19791666666667,1.0
FBgn0264343,Yes,de novo,RETAINED_DE_NOVO,RETAINED_555,3,1,750,750,750.0,0.3333333333333333,3,6.621405651764134,0,33.33333333333333,1.0
FBgn0266591,Yes,de novo,RETAINED_DE_NOVO,RETAINED_555,3,1,357,357,357.0,0.4425770308123249,3,5.8805329864007,0,44.25770308123249,1.0
FBgn0029694,Yes,de novo,RETAINED_DE_NOVO,RETAINED_555,3,1,702,702,702.0,0.4686609686609687,3,6.555356891810665,0,46.86609686609687,1.0
FBgn0037910,Yes,de novo,RETAINED_DE_NOVO,RETAINED_555,3,1,618,618,618.0,0.4563106796116505,3,6.428105272684596,0,45.63106796116505,1.0
FBgn0052452,Yes,de novo,RETAINED_DE_NOVO,RETAINED_555,3,1,1725,1725,1725.0,0.528695652173913,3,7.453561871643373,0,52.8695652173913,1.0
FBgn0263250,Yes,de novo,RETAINED_DE_NOVO,RETAINED_555,3,1,384,384,384.0,0.4348958333333333,3,5.953243334287785,0,43.48958333333333,1.0
FBgn0265046,Yes,de novo,RETAINED_DE_NOVO,RETAINED_555,3,1,357,357,357.0,0.42296918767507,3,5.8805329864007,0,42.296918767507,1.0
FBgn0262980,Yes,de novo,RETAINED_DE_NOVO,RETAINED_555,3,1,183,183,183.0,0.448087431693989,3,5.214935757608986,0,44.8087431693989,1.0
FBgn0262608,Yes,de novo,RETAINED_DE_NOVO,RETAINED_555,3,1,249,249,249.0,0.5502008032128514,3,5.521460917862246,0,55.020080321285135,1.0
FBgn0262609,Yes,de novo,RETAINED_DE_NOVO,RETAINED_555,3,1,201,201,201.0,0.4328358208955223,3,5.308267697401205,0,43.28358208955223,1.0
FBgn0263087,Yes,de novo,RETAINED_DE_NOVO,RETAINED_555,3,1,513,513,513.0,0.5594541910331384,3,6.2422232654551655,0,55.945419103313846,1.0
FBgn0266977,Yes,de novo,RETAINED_DE_NOVO,RETAINED_555,3,1,288,288,288.0,0.4583333333333333,3,5.666426688112432,0,45.83333333333333,1.0
FBgn0037195,Yes,de novo,RETAINED_DE_NOVO,RETAINED_555,3,1,591,591,591.0,0.5499153976311336,3,6.3835066348840055,0,54.99153976311336,1.0
FBgn0003313,Yes,de novo,RETAINED_DE_NOVO,RETAINED_555,3,1,429,429,429.0,0.5058275058275058,3,6.063785208687608,0,50.58275058275058,1.0
FBgn0029707,Yes,de novo,RETAINED_DE_NOVO,RETAINED_555,3,1,285,285,285.0,0.5754385964912281,3,5.655991810819852,0,57.54385964912281,1.0
FBgn0034082,Yes,de novo,RETAINED_DE_NOVO,RETAINED_555,3,1,1107,1107,1107.0,0.3884372177055104,3,7.010311867307229,0,38.843721770551035,1.0
FBgn0263386,Yes,de novo,RETAINED_DE_NOVO,RETAINED_555,3,1,168,168,168.0,0.5357142857142857,3,5.1298987149230735,0,53.57142857142857,1.0
FBgn0262877,Yes,de novo,RETAINED_DE_NOVO,RETAINED_555,3,1,153,153,153.0,0.4444444444444444,3,5.0369526024136295,0,44.44444444444444,1.0
FBgn0052457,Yes,de novo,RETAINED_DE_NOVO,RETAINED_555,3,2,426,492,470.0,0.4252452383678766,3,6.154858094016418,66,42.52452383678766,1.0
FBgn0267327,Yes,de novo,RETAINED_DE_NOVO,RETAINED_555,3,1,144,144,144.0,0.4375,3,4.976733742420574,0,43.75,1.0
FBgn0284229,Yes,de novo,RETAINED_DE_NOVO,RETAINED_555,3,1,60,60,60.0,0.3333333333333333,3,4.110873864173311,0,33.33333333333333,1.0
FBgn0259966,Yes,de novo,RETAINED_DE_NOVO,RETAINED_555,3,1,420,420,420.0,0.4095238095238095,3,6.042632833682381,0,40.95238095238095,1.0
FBgn0264361,Yes,de novo,RETAINED_DE_NOVO,RETAINED_555,3,1,114,114,114.0,0.6491228070175439,3,4.74493212836325,0,64.91228070175438,1.0
FBgn0262547,Yes,de novo,RETAINED_DE_NOVO,RETAINED_555,3,1,330,330,330.0,0.3454545454545454,3,5.802118375377063,0,34.54545454545454,1.0
FBgn0053669,Yes,de novo,RETAINED_DE_NOVO,RETAINED_555,3,1,483,483,483.0,0.3809523809523809,3,6.182084906716632,0,38.09523809523809,1.0
FBgn0053668,Yes,de novo,RETAINED_DE_NOVO,RETAINED_555,3,1,483,483,483.0,0.3788819875776397,3,6.182084906716632,0,37.888198757763966,1.0
FBgn0053667,Yes,de novo,RETAINED_DE_NOVO,RETAINED_555,3,1,483,483,483.0,0.3788819875776397,3,6.182084906716632,0,37.888198757763966,1.0
FBgn0053666,Yes,de novo,RETAINED_DE_NOVO,RETAINED_555,3,1,483,483,483.0,0.3747412008281574,3,6.182084906716632,0,37.47412008281574,1.0
FBgn0053665,Yes,de novo,RETAINED_DE_NOVO,RETAINED_555,3,1,483,483,483.0,0.3726708074534161,3,6.182084906716632,0,37.26708074534161,1.0
FBgn0011669,Yes,de novo,RETAINED_DE_NOVO,RETAINED_555,3,1,123,123,123.0,0.4959349593495935,3,4.820281565605037,0,49.59349593495935,1.0
FBgn0011670,Yes,de novo,RETAINED_DE_NOVO,RETAINED_555,3,1,231,231,231.0,0.4588744588744589,3,5.44673737166631,0,45.887445887445885,1.0
FBgn0250831,Yes,de novo,RETAINED_DE_NOVO,RETAINED_555,3,1,321,321,321.0,0.3894080996884735,3,5.7745515455444085,0,38.940809968847354,1.0
FBgn0051093,Yes,de novo,RETAINED_DE_NOVO,RETAINED_555,3,1,438,438,438.0,0.5502283105022832,3,6.0844994130751715,0,55.02283105022832,1.0
FBgn0262845,Yes,de novo,RETAINED_DE_NOVO,RETAINED_555,3,1,321,321,321.0,0.4174454828660436,3,5.7745515455444085,0,41.74454828660436,1.0
FBgn0264427,Yes,de novo,RETAINED_DE_NOVO,RETAINED_555,3,1,201,201,201.0,0.5223880597014925,3,5.308267697401205,0,52.23880597014925,1.0
FBgn0051848,Yes,de novo,RETAINED_DE_NOVO,RETAINED_555,3,1,639,639,639.0,0.543035993740219,3,6.461468176353717,0,54.30359937402191,1.0
FBgn0265362,Yes,de novo,RETAINED_DE_NOVO,RETAINED_555,3,1,267,267,267.0,0.4831460674157303,3,5.5909869805108565,0,48.31460674157303,1.0
FBgn0053494,Yes,de novo,RETAINED_DE_NOVO,RETAINED_555,3,1,261,261,261.0,0.4406130268199233,3,5.568344503761097,0,44.06130268199233,1.0
FBgn0286932,Yes,de novo,RETAINED_DE_NOVO,RETAINED_555,3,1,162,162,162.0,0.5061728395061729,3,5.093750200806762,0,50.617283950617285,1.0
FBgn0031701,Yes,de novo,RETAINED_DE_NOVO,RETAINED_555,3,1,396,396,396.0,0.4797979797979798,3,5.983936280687191,0,47.97979797979798,1.0
FBgn0032523,Yes,de novo,RETAINED_DE_NOVO,RETAINED_555,3,1,600,600,600.0,0.5066666666666667,3,6.398594934535208,0,50.66666666666667,1.0
FBgn0264432,Yes,de novo,RETAINED_DE_NOVO,RETAINED_555,3,1,231,231,231.0,0.4155844155844155,3,5.44673737166631,0,41.55844155844155,1.0
FBgn0286876,Yes,de novo,RETAINED_DE_NOVO,RETAINED_555,3,1,333,333,333.0,0.4684684684684684,3,5.8111409929767,0,46.84684684684684,1.0
FBgn0261992,Yes,de novo,RETAINED_DE_NOVO,RETAINED_555,3,1,330,330,330.0,0.4636363636363636,3,5.802118375377063,0,46.36363636363636,1.0
FBgn0284224,Yes,de novo,RETAINED_DE_NOVO,RETAINED_555,3,1,84,84,84.0,0.3928571428571428,3,4.442651256490317,0,39.28571428571428,1.0
FBgn0050485,Yes,de novo,RETAINED_DE_NOVO,RETAINED_555,3,1,2928,2928,2928.0,0.4702868852459016,3,7.982416346827733,0,47.02868852459016,1.0
FBgn0050484,Yes,de novo,RETAINED_DE_NOVO,RETAINED_555,3,1,2739,2739,2739.0,0.4216867469879519,3,7.915713199382116,0,42.168674698795186,1.0
FBgn0053664,Yes,de novo,RETAINED_DE_NOVO,RETAINED_555,3,1,483,483,483.0,0.3809523809523809,3,6.182084906716632,0,38.09523809523809,1.0
FBgn0263322,Yes,de novo,RETAINED_DE_NOVO,RETAINED_555,3,1,129,129,129.0,0.5193798449612403,3,4.867534450455582,0,51.93798449612403,1.0
FBgn0085306,Yes,de novo,RETAINED_DE_NOVO,RETAINED_555,3,1,936,936,936.0,0.5779914529914529,3,6.842683282238422,0,57.799145299145295,1.0
FBgn0085214,Yes,de novo,RETAINED_DE_NOVO,RETAINED_555,3,1,381,381,381.0,0.4645669291338583,3,5.945420608606575,0,46.45669291338583,1.0
FBgn0031786,Yes,de novo,RETAINED_DE_NOVO,RETAINED_555,3,1,408,408,408.0,0.6274509803921569,3,6.013715156042802,0,62.745098039215684,1.0
FBgn0262611,Yes,de novo,RETAINED_DE_NOVO,RETAINED_555,3,1,228,228,228.0,0.4824561403508772,3,5.43372200355424,0,48.24561403508772,1.0
FBgn0264897,Yes,de novo,RETAINED_DE_NOVO,RETAINED_555,3,1,375,375,375.0,0.4293333333333333,3,5.929589143389895,0,42.93333333333333,1.0
FBgn0261635,Yes,de novo,RETAINED_DE_NOVO,RETAINED_555,3,1,240,240,240.0,0.4708333333333334,3,5.484796933490655,0,47.083333333333336,1.0
FBgn0263707,Yes,de novo,RETAINED_DE_NOVO,RETAINED_555,3,1,261,261,261.0,0.4559386973180077,3,5.568344503761097,0,45.593869731800766,1.0
FBgn0262894,Yes,de novo,RETAINED_DE_NOVO,RETAINED_555,3,1,234,234,234.0,0.4487179487179487,3,5.459585514144159,0,44.87179487179487,1.0
FBgn0262843,Yes,de novo,RETAINED_DE_NOVO,RETAINED_555,3,1,222,222,222.0,0.536036036036036,3,5.407171771460119,0,53.6036036036036,1.0
FBgn0034839,Yes,de novo,RETAINED_DE_NOVO,RETAINED_555,3,1,408,408,408.0,0.5098039215686274,3,6.013715156042802,0,50.98039215686274,1.0
FBgn0263376,Yes,de novo,RETAINED_DE_NOVO,RETAINED_555,3,1,807,807,807.0,0.5192069392812887,3,6.694562058521095,0,51.92069392812887,1.0
FBgn0050480,Yes,de novo,RETAINED_DE_NOVO,RETAINED_555,3,1,2763,2763,2763.0,0.4672457473760405,3,7.92443418488756,0,46.72457473760405,1.0
FBgn0034840,Yes,de novo,RETAINED_DE_NOVO,RETAINED_555,3,2,771,852,825.0,0.5726725245550258,3,6.716594773520978,81,57.26725245550258,1.0
FBgn0040684,Yes,de novo,RETAINED_DE_NOVO,RETAINED_555,3,1,291,291,291.0,0.5807560137457045,3,5.676753802268282,0,58.075601374570454,1.0
FBgn0262881,Yes,de novo,RETAINED_DE_NOVO,RETAINED_555,3,1,153,153,153.0,0.4379084967320261,3,5.0369526024136295,0,43.79084967320261,1.0
FBgn0265087,Yes,de novo,RETAINED_DE_NOVO,RETAINED_555,3,1,174,174,174.0,0.5402298850574713,3,5.1647859739235145,0,54.02298850574713,1.0
FBgn0264540,Yes,de novo,RETAINED_DE_NOVO,RETAINED_555,3,1,474,474,474.0,0.3839662447257383,3,6.163314804034641,0,38.39662447257383,1.0
FBgn0032472,Yes,de novo,RETAINED_DE_NOVO,RETAINED_555,3,1,321,321,321.0,0.4641744548286604,3,5.7745515455444085,0,46.417445482866036,1.0
FBgn0002855,Yes,de novo,RETAINED_DE_NOVO,RETAINED_555,3,1,795,795,795.0,0.4075471698113208,3,6.679599185844383,0,40.75471698113208,1.0
FBgn0051538,Yes,de novo,RETAINED_DE_NOVO,RETAINED_555,3,1,1692,1692,1692.0,0.5856973995271868,3,7.4342573821331355,0,58.56973995271868,1.0
FBgn0262814,Yes,de novo,RETAINED_DE_NOVO,RETAINED_555,3,1,165,165,165.0,0.4000000000000001,3,5.111987788356544,0,40.00000000000001,1.0
FBgn0265785,Yes,de novo,RETAINED_DE_NOVO,RETAINED_555,3,1,426,426,426.0,0.3732394366197183,3,6.056784013228625,0,37.32394366197183,1.0
FBgn0264546,Yes,de novo,RETAINED_DE_NOVO,RETAINED_555,3,1,264,264,264.0,0.4886363636363636,3,5.579729825986222,0,48.86363636363636,1.0
FBgn0262576,Yes,de novo,RETAINED_DE_NOVO,RETAINED_555,3,1,498,498,498.0,0.5742971887550201,3,6.212606095751519,0,57.42971887550201,1.0
FBgn0034867,Yes,de novo,RETAINED_DE_NOVO,RETAINED_555,3,1,312,312,312.0,0.5480769230769231,3,5.746203190540153,0,54.807692307692314,1.0
FBgn0050073,Yes,de novo,RETAINED_DE_NOVO,RETAINED_555,3,1,717,717,717.0,0.4672245467224546,3,6.576469569048224,0,46.72245467224546,1.0
FBgn0263324,Yes,de novo,RETAINED_DE_NOVO,RETAINED_555,3,1,270,270,270.0,0.4481481481481481,3,5.602118820879701,0,44.81481481481481,1.0
FBgn0050033,Yes,de novo,RETAINED_DE_NOVO,RETAINED_555,3,1,183,183,183.0,0.5409836065573771,3,5.214935757608986,0,54.09836065573771,1.0
FBgn0264988,Yes,de novo,RETAINED_DE_NOVO,RETAINED_555,3,1,171,171,171.0,0.5321637426900585,3,5.147494476813453,0,53.216374269005854,1.0
FBgn0263404,Yes,de novo,RETAINED_DE_NOVO,RETAINED_555,3,1,147,147,147.0,0.4965986394557823,3,4.997212273764115,0,49.65986394557823,1.0
FBgn0085460,Yes,de novo,RETAINED_DE_NOVO,RETAINED_555,3,1,2145,2145,2145.0,0.3794871794871794,3,7.671360923190644,0,37.94871794871794,1.0
FBgn0266454,Yes,de novo,RETAINED_DE_NOVO,RETAINED_555,3,1,270,270,270.0,0.4555555555555555,3,5.602118820879701,0,45.55555555555555,1.0
FBgn0261847,Yes,de novo,RETAINED_DE_NOVO,RETAINED_555,3,1,186,186,186.0,0.4032258064516128,3,5.231108616854587,0,40.32258064516128,1.0
FBgn0085307,Yes,de novo,RETAINED_DE_NOVO,RETAINED_555,3,1,276,276,276.0,0.5471014492753623,3,5.6240175061873385,0,54.710144927536234,1.0
FBgn0264829,Yes,de novo,RETAINED_DE_NOVO,RETAINED_555,3,1,216,216,216.0,0.4814814814814814,3,5.37989735354046,0,48.14814814814814,1.0
FBgn0264830,Yes,de novo,RETAINED_DE_NOVO,RETAINED_555,3,1,153,153,153.0,0.4705882352941176,3,5.0369526024136295,0,47.05882352941176,1.0
FBgn0266261,Yes,de novo,RETAINED_DE_NOVO,RETAINED_555,3,1,489,489,489.0,0.3660531697341513,3,6.194405391104672,0,36.60531697341513,1.0
FBgn0265714,Yes,de novo,RETAINED_DE_NOVO,RETAINED_555,3,1,279,279,279.0,0.5197132616487455,3,5.634789603169249,0,51.971326164874554,1.0
FBgn0031104,Yes,de novo,RETAINED_DE_NOVO,RETAINED_555,3,1,458,458,458.0,0.4934497816593886,0,6.129050210060545,0,49.344978165938855,0.0
FBgn0265199,Yes,de novo,RETAINED_DE_NOVO,RETAINED_555,3,1,198,198,198.0,0.5555555555555556,3,5.293304824724492,0,55.55555555555556,1.0
FBgn0031101,Yes,de novo,RETAINED_DE_NOVO,RETAINED_555,3,1,552,552,552.0,0.519927536231884,3,6.315358001522335,0,51.992753623188406,1.0
FBgn0040784,Yes,de novo,RETAINED_DE_NOVO,RETAINED_555,3,1,294,294,294.0,0.4591836734693877,3,5.68697535633982,0,45.91836734693877,1.0
FBgn0085361,Yes,de novo,RETAINED_DE_NOVO,RETAINED_555,3,1,264,264,264.0,0.4431818181818182,3,5.579729825986222,0,44.31818181818182,1.0
FBgn0260871,Yes,de novo,RETAINED_DE_NOVO,RETAINED_555,3,1,258,258,258.0,0.434108527131783,3,5.556828061699537,0,43.4108527131783,1.0
FBgn0085485,Yes,de novo,RETAINED_DE_NOVO,RETAINED_555,3,1,504,504,504.0,0.5634920634920635,3,6.22455842927536,0,56.34920634920635,1.0
FBgn0086782,Yes,de novo,RETAINED_DE_NOVO,RETAINED_555,3,1,543,543,543.0,0.5598526703499079,3,6.298949246855942,0,55.98526703499079,1.0
FBgn0262948,Yes,de novo,RETAINED_DE_NOVO,RETAINED_555,3,1,249,249,249.0,0.4457831325301205,3,5.521460917862246,0,44.57831325301205,1.0
FBgn0262583,Yes,de novo,RETAINED_DE_NOVO,RETAINED_555,3,1,849,849,849.0,0.5441696113074205,3,6.745236349484362,0,54.416961130742045,1.0
FBgn0033167,Yes,de novo,RETAINED_DE_NOVO,RETAINED_555,3,1,405,405,405.0,0.4000000000000001,3,6.0063531596017325,0,40.00000000000001,1.0
FBgn0033165,Yes,de novo,RETAINED_DE_NOVO,RETAINED_555,3,1,417,417,417.0,0.3980815347721823,3,6.035481432524756,0,39.80815347721823,1.0
FBgn0033164,Yes,de novo,RETAINED_DE_NOVO,RETAINED_555,3,1,594,594,594.0,0.4208754208754209,3,6.38856140554563,0,42.08754208754209,1.0
FBgn0260867,Yes,de novo,RETAINED_DE_NOVO,RETAINED_555,3,1,279,279,279.0,0.4731182795698925,3,5.634789603169249,0,47.31182795698925,1.0
FBgn0265197,Yes,de novo,RETAINED_DE_NOVO,RETAINED_555,3,1,147,147,147.0,0.4149659863945578,3,4.997212273764115,0,41.496598639455776,1.0
FBgn0260870,Yes,de novo,RETAINED_DE_NOVO,RETAINED_555,3,1,300,300,300.0,0.4533333333333333,3,5.707110264748875,0,45.33333333333333,1.0
FBgn0031127,Yes,de novo,RETAINED_DE_NOVO,RETAINED_555,3,1,459,459,459.0,0.5032679738562091,3,6.131226489483141,0,50.326797385620914,1.0
FBgn0031168,Yes,de novo,RETAINED_DE_NOVO,RETAINED_555,3,1,843,843,843.0,0.5290628706998813,3,6.738152494595957,0,52.90628706998813,1.0
FBgn0286833,Yes,de novo,RETAINED_DE_NOVO,RETAINED_555,3,1,438,438,438.0,0.4041095890410959,3,6.0844994130751715,0,40.41095890410959,1.0
FBgn0262794,Yes,de novo,RETAINED_DE_NOVO,RETAINED_555,3,1,351,351,351.0,0.4472934472934473,3,5.863631175598097,0,44.729344729344724,1.0
FBgn0030643,Yes,de novo,RETAINED_DE_NOVO,RETAINED_555,3,1,369,369,369.0,0.6476964769647696,3,5.91350300563827,0,64.76964769647697,1.0
FBgn0047330,Yes,de novo,RETAINED_DE_NOVO,RETAINED_555,3,1,252,252,252.0,0.5515873015873016,3,5.53338948872752,0,55.158730158730165,1.0
FBgn0040565,Yes,de novo,RETAINED_DE_NOVO,RETAINED_555,3,1,201,201,201.0,0.5572139303482587,3,5.308267697401205,0,55.72139303482587,1.0
FBgn0032896,Yes,de novo,RETAINED_DE_NOVO,RETAINED_555,3,1,741,741,741.0,0.4952766531713901,3,6.60934924316738,0,49.52766531713901,1.0
FBgn0265608,Yes,de novo,RETAINED_DE_NOVO,RETAINED_555,3,1,270,270,270.0,0.5111111111111111,3,5.602118820879701,0,51.11111111111111,1.0
FBgn0038512,Yes,de novo,RETAINED_DE_NOVO,RETAINED_555,3,1,270,270,270.0,0.5777777777777777,3,5.602118820879701,0,57.77777777777777,1.0
FBgn0040778,Yes,de novo,RETAINED_DE_NOVO,RETAINED_555,3,1,279,279,279.0,0.4336917562724014,3,5.634789603169249,0,43.36917562724014,1.0
FBgn0260230,Yes,de novo,RETAINED_DE_NOVO,RETAINED_555,3,1,663,663,663.0,0.4555052790346908,3,6.498282149476434,0,45.55052790346908,1.0
FBgn0038509,Yes,de novo,RETAINED_DE_NOVO,RETAINED_555,3,1,375,375,375.0,0.544,3,5.929589143389895,0,54.400000000000006,1.0
FBgn0030667,Yes,de novo,RETAINED_DE_NOVO,RETAINED_555,3,1,3435,3435,3435.0,0.4730713245997088,3,8.142063283104147,0,47.30713245997088,1.0
FBgn0262024,Yes,de novo,RETAINED_DE_NOVO,RETAINED_555,3,1,327,327,327.0,0.4648318042813456,3,5.793013608384144,0,46.48318042813456,1.0
FBgn0260231,Yes,de novo,RETAINED_DE_NOVO,RETAINED_555,3,1,612,612,612.0,0.5964052287581699,3,6.418364935936212,0,59.64052287581699,1.0
FBgn0053333,Yes,de novo,RETAINED_DE_NOVO,RETAINED_555,3,1,447,447,447.0,0.5704697986577181,3,6.104793232414985,0,57.04697986577181,1.0
FBgn0038508,Yes,de novo,RETAINED_DE_NOVO,RETAINED_555,3,1,672,672,672.0,0.4985119047619048,3,6.511745329644728,0,49.85119047619048,1.0
FBgn0250867,Yes,de novo,RETAINED_DE_NOVO,RETAINED_555,3,2,303,447,399.0,0.5645188679941819,3,5.991464547107982,144,56.45188679941819,1.0
FBgn0262006,Yes,de novo,RETAINED_DE_NOVO,RETAINED_555,3,1,441,441,441.0,0.4285714285714285,3,6.091309882077698,0,42.85714285714285,1.0
FBgn0261714,Yes,de novo,RETAINED_DE_NOVO,RETAINED_555,3,1,2595,2595,2595.0,0.5472061657032755,3,7.86172707782398,0,54.72061657032755,1.0
FBgn0287586,Yes,de novo,RETAINED_DE_NOVO,RETAINED_555,3,1,171,171,171.0,0.5730994152046783,3,5.147494476813453,0,57.30994152046783,1.0
FBgn0031130,Yes,de novo,RETAINED_DE_NOVO,RETAINED_555,3,1,348,348,348.0,0.5431034482758621,3,5.855071922202427,0,54.310344827586206,1.0
FBgn0031128,Yes,de novo,RETAINED_DE_NOVO,RETAINED_555,3,2,909,909,909.0,0.5104510451045104,3,6.813444599510896,0,51.04510451045105,1.0
FBgn0262985,Yes,de novo,RETAINED_DE_NOVO,RETAINED_555,3,2,246,312,290.0,0.4355847404627893,3,5.673323267171493,66,43.55847404627893,1.0
FBgn0262364,Yes,de novo,RETAINED_DE_NOVO,RETAINED_555,3,1,525,525,525.0,0.4457142857142857,3,6.26530121273771,0,44.57142857142857,1.0
FBgn0032139,Yes,de novo,RETAINED_DE_NOVO,RETAINED_555,3,1,630,630,630.0,0.5111111111111111,3,6.447305862541213,0,51.11111111111111,1.0
FBgn0051088,Yes,de novo,RETAINED_DE_NOVO,RETAINED_555,3,1,213,213,213.0,0.4507042253521127,3,5.365976015021851,0,45.07042253521127,1.0
FBgn0267967,Yes,de novo,RETAINED_DE_NOVO,RETAINED_555,3,1,1665,1665,1665.0,0.466066066066066,3,7.418180822726788,0,46.6066066066066,1.0
FBgn0047095,Yes,de novo,RETAINED_DE_NOVO,RETAINED_555,3,1,81,81,81.0,0.4814814814814814,3,4.406719247264253,0,48.14814814814814,1.0
FBgn0050432,Yes,de novo,RETAINED_DE_NOVO,RETAINED_555,3,1,402,402,402.0,0.4552238805970148,3,5.998936561946683,0,45.52238805970148,1.0
FBgn0030981,Yes,de novo,RETAINED_DE_NOVO,RETAINED_555,3,1,582,582,582.0,0.6632302405498282,3,6.368187186350492,0,66.32302405498281,1.0
FBgn0040519,Yes,de novo,RETAINED_DE_NOVO,RETAINED_555,3,2,354,360,358.0,0.4925612052730697,3,5.883322388488279,6,49.25612052730697,1.0
FBgn0030979,Yes,de novo,RETAINED_DE_NOVO,RETAINED_555,3,1,2007,2007,2007.0,0.5311410064773293,3,7.60489448081162,0,53.11410064773293,1.0
FBgn0002862,Yes,de novo,RETAINED_DE_NOVO,RETAINED_555,3,1,171,171,171.0,0.6198830409356725,3,5.147494476813453,0,61.98830409356725,1.0
FBgn0053278,Yes,de novo,RETAINED_DE_NOVO,RETAINED_555,3,1,1197,1197,1197.0,0.4954051796157059,3,7.088408778675395,0,49.54051796157059,1.0
FBgn0262361,Yes,de novo,RETAINED_DE_NOVO,RETAINED_555,3,1,234,234,234.0,0.4743589743589743,3,5.459585514144159,0,47.43589743589743,1.0
FBgn0264478,Yes,de novo,RETAINED_DE_NOVO,RETAINED_555,3,1,216,216,216.0,0.3611111111111111,3,5.37989735354046,0,36.11111111111111,1.0
FBgn0038311,Yes,de novo,RETAINED_DE_NOVO,RETAINED_555,3,1,1644,1644,1644.0,0.5,3,7.405495663199472,0,50.0,1.0
FBgn0265146,Yes,de novo,RETAINED_DE_NOVO,RETAINED_555,3,1,117,117,117.0,0.5042735042735043,3,4.770684624465665,0,50.427350427350426,1.0
FBgn0030936,Yes,de novo,RETAINED_DE_NOVO,RETAINED_555,3,1,999,999,999.0,0.4914914914914915,3,6.907755278982137,0,49.14914914914915,1.0
FBgn0030905,Yes,de novo,RETAINED_DE_NOVO,RETAINED_555,3,1,444,444,444.0,0.5518018018018018,3,6.09807428216624,0,55.18018018018018,1.0
FBgn0030912,Yes,de novo,RETAINED_DE_NOVO,RETAINED_555,3,1,918,918,918.0,0.55119825708061,3,6.823286122355687,0,55.119825708061,1.0
FBgn0085302,Yes,de novo,RETAINED_DE_NOVO,RETAINED_555,3,1,387,387,387.0,0.524547803617571,3,5.961005339623274,0,52.4547803617571,1.0
FBgn0052368,Yes,de novo,RETAINED_DE_NOVO,RETAINED_555,3,1,267,267,267.0,0.4157303370786517,3,5.5909869805108565,0,41.57303370786517,1.0
FBgn0264472,Yes,de novo,RETAINED_DE_NOVO,RETAINED_555,3,1,489,489,489.0,0.4008179959100204,3,6.194405391104672,0,40.08179959100204,1.0
FBgn0085357,Yes,de novo,RETAINED_DE_NOVO,RETAINED_555,3,1,402,402,402.0,0.5398009950248757,3,5.998936561946683,0,53.98009950248757,1.0
FBgn0038225,Yes,de novo,RETAINED_DE_NOVO,RETAINED_555,3,1,444,444,444.0,0.5518018018018018,3,6.09807428216624,0,55.18018018018018,1.0
FBgn0260968,Yes,de novo,RETAINED_DE_NOVO,RETAINED_555,3,1,480,480,480.0,0.4375,3,6.175867270105761,0,43.75,1.0
FBgn0260967,Yes,de novo,RETAINED_DE_NOVO,RETAINED_555,3,1,843,843,843.0,0.3511269276393831,3,6.738152494595957,0,35.112692763938306,1.0
FBgn0264903,Yes,de novo,RETAINED_DE_NOVO,RETAINED_555,3,1,273,273,273.0,0.4835164835164835,3,5.6131281063880705,0,48.35164835164835,1.0
FBgn0287595,Yes,de novo,RETAINED_DE_NOVO,RETAINED_555,3,1,156,156,156.0,0.6346153846153846,3,5.056245805348308,0,63.46153846153846,1.0
FBgn0266745,Yes,de novo,RETAINED_DE_NOVO,RETAINED_555,3,1,255,255,255.0,0.5098039215686274,3,5.545177444479562,0,50.98039215686274,1.0
FBgn0033090,Yes,de novo,RETAINED_DE_NOVO,RETAINED_555,3,1,1059,1059,1059.0,0.4740321057601511,3,6.966024187106113,0,47.40321057601511,1.0
FBgn0033145,Yes,de novo,RETAINED_DE_NOVO,RETAINED_555,3,1,294,294,294.0,0.4931972789115646,3,5.68697535633982,0,49.31972789115646,1.0
FBgn0038386,Yes,de novo,RETAINED_DE_NOVO,RETAINED_555,3,1,792,792,792.0,0.5202020202020202,3,6.675823221634848,0,52.02020202020202,1.0
FBgn0259969,Yes,de novo,RETAINED_DE_NOVO,RETAINED_555,3,1,426,426,426.0,0.3990610328638497,3,6.056784013228625,0,39.90610328638497,1.0
FBgn0038377,Yes,de novo,RETAINED_DE_NOVO,RETAINED_555,3,2,489,657,601.0,0.5544038870368814,3,6.400257445308821,168,55.440388703688136,1.0
FBgn0263022,Yes,de novo,RETAINED_DE_NOVO,RETAINED_555,3,1,741,741,741.0,0.5303643724696356,3,6.60934924316738,0,53.036437246963565,1.0
FBgn0038123,Yes,de novo,RETAINED_DE_NOVO,RETAINED_555,3,1,804,804,804.0,0.4601990049751244,3,6.690842277418564,0,46.01990049751244,1.0
FBgn0000246,Yes,de novo,RETAINED_DE_NOVO,RETAINED_555,3,1,2235,2235,2235.0,0.407158836689038,3,7.71244383427499,0,40.7158836689038,1.0
FBgn0266734,Yes,de novo,RETAINED_DE_NOVO,RETAINED_555,3,1,198,198,198.0,0.404040404040404,3,5.293304824724492,0,40.4040404040404,1.0
FBgn0284222,Yes,de novo,RETAINED_DE_NOVO,RETAINED_555,3,1,93,93,93.0,0.5268817204301075,3,4.543294782270004,0,52.68817204301075,1.0
FBgn0264696,Yes,de novo,RETAINED_DE_NOVO,RETAINED_555,3,1,117,117,117.0,0.5641025641025641,3,4.770684624465665,0,56.41025641025641,1.0
FBgn0030807,Yes,de novo,RETAINED_DE_NOVO,RETAINED_555,3,1,333,333,333.0,0.5285285285285285,3,5.8111409929767,0,52.85285285285285,1.0
FBgn0250849,Yes,de novo,RETAINED_DE_NOVO,RETAINED_555,3,1,240,240,240.0,0.4708333333333334,3,5.484796933490655,0,47.083333333333336,1.0
FBgn0264739,Yes,de novo,RETAINED_DE_NOVO,RETAINED_555,3,1,420,420,420.0,0.5261904761904762,3,6.042632833682381,0,52.61904761904762,1.0
FBgn0262487,Yes,de novo,RETAINED_DE_NOVO,RETAINED_555,3,1,867,867,867.0,0.4244521337946943,3,6.7661917146603505,0,42.44521337946943,1.0
FBgn0263387,Yes,de novo,RETAINED_DE_NOVO,RETAINED_555,3,1,171,171,171.0,0.5029239766081871,3,5.147494476813453,0,50.29239766081871,1.0
FBgn0030813,Yes,de novo,RETAINED_DE_NOVO,RETAINED_555,3,1,594,594,594.0,0.5151515151515151,3,6.38856140554563,0,51.515151515151516,1.0
FBgn0035730,Yes,de novo,RETAINED_DE_NOVO,RETAINED_555,3,1,717,717,717.0,0.4351464435146444,3,6.576469569048224,0,43.51464435146444,1.0
FBgn0040674,Yes,de novo,RETAINED_DE_NOVO,RETAINED_555,3,1,213,213,213.0,0.6244131455399061,3,5.365976015021851,0,62.441314553990615,1.0
FBgn0287587,Yes,de novo,RETAINED_DE_NOVO,RETAINED_555,3,1,402,402,402.0,0.3656716417910448,3,5.998936561946683,0,36.56716417910448,1.0
FBgn0038158,Yes,de novo,RETAINED_DE_NOVO,RETAINED_555,3,1,399,399,399.0,0.518796992481203,3,5.991464547107982,0,51.8796992481203,1.0
FBgn0038159,Yes,de novo,RETAINED_DE_NOVO,RETAINED_555,3,1,339,339,339.0,0.5309734513274337,3,5.8289456176102075,0,53.09734513274337,1.0
FBgn0040837,Yes,de novo,RETAINED_DE_NOVO,RETAINED_555,3,1,564,564,564.0,0.5709219858156028,3,6.336825731146441,0,57.09219858156028,1.0
FBgn0030832,Yes,de novo,RETAINED_DE_NOVO,RETAINED_555,3,1,603,603,603.0,0.6633499170812603,3,6.403574197934815,0,66.33499170812604,1.0
FBgn0047334,Yes,de novo,RETAINED_DE_NOVO,RETAINED_555,3,1,234,234,234.0,0.5128205128205128,3,5.459585514144159,0,51.28205128205128,1.0
FBgn0038558,Yes,de novo,RETAINED_DE_NOVO,RETAINED_555,3,1,330,330,330.0,0.5242424242424243,3,5.802118375377063,0,52.42424242424243,1.0
FBgn0263399,Yes,de novo,RETAINED_DE_NOVO,RETAINED_555,3,1,195,195,195.0,0.5230769230769231,3,5.278114659230518,0,52.307692307692314,1.0
FBgn0050365,Yes,de novo,RETAINED_DE_NOVO,RETAINED_555,3,1,1410,1410,1410.0,0.4624113475177305,3,7.2520539518528135,0,46.241134751773046,1.0
FBgn0261531,Yes,de novo,RETAINED_DE_NOVO,RETAINED_555,3,1,150,150,150.0,0.5,3,5.017279836814924,0,50.0,1.0
FBgn0265455,Yes,de novo,RETAINED_DE_NOVO,RETAINED_555,3,1,171,171,171.0,0.4502923976608187,3,5.147494476813453,0,45.02923976608187,1.0
FBgn0265669,Yes,de novo,RETAINED_DE_NOVO,RETAINED_555,3,1,234,234,234.0,0.3461538461538461,3,5.459585514144159,0,34.615384615384606,1.0
FBgn0051785,Yes,de novo,RETAINED_DE_NOVO,RETAINED_555,3,1,1143,1143,1143.0,0.4706911636045494,3,7.042286171939743,0,47.069116360454935,1.0
FBgn0262030,Yes,de novo,RETAINED_DE_NOVO,RETAINED_555,3,1,240,240,240.0,0.4916666666666666,3,5.484796933490655,0,49.16666666666666,1.0
FBgn0262686,Yes,de novo,RETAINED_DE_NOVO,RETAINED_555,3,1,213,213,213.0,0.3380281690140845,3,5.365976015021851,0,33.80281690140845,1.0
FBgn0263094,Yes,de novo,RETAINED_DE_NOVO,RETAINED_555,3,1,99,99,99.0,0.3434343434343434,3,4.605170185988092,0,34.34343434343434,1.0
FBgn0261057,Yes,de novo,RETAINED_DE_NOVO,RETAINED_555,3,1,108,108,108.0,0.3055555555555556,3,4.6913478822291435,0,30.555555555555557,1.0
FBgn0011559,Yes,de novo,RETAINED_DE_NOVO,RETAINED_555,3,1,2739,2739,2739.0,0.4384811975173421,3,7.915713199382116,0,43.84811975173421,1.0
FBgn0036246,Yes,de novo,RETAINED_DE_NOVO,RETAINED_555,3,1,369,369,369.0,0.5040650406504065,3,5.91350300563827,0,50.40650406504065,1.0
FBgn0032658,Yes,de novo,RETAINED_DE_NOVO,RETAINED_555,3,1,1608,1608,1608.0,0.36318407960199,3,7.3833681469923835,0,36.318407960199,1.0
FBgn0263647,Yes,de novo,RETAINED_DE_NOVO,RETAINED_555,3,1,369,369,369.0,0.4471544715447154,3,5.91350300563827,0,44.71544715447154,1.0
FBgn0051415,Yes,de novo,RETAINED_DE_NOVO,RETAINED_555,3,1,474,474,474.0,0.6075949367088608,3,6.163314804034641,0,60.75949367088608,1.0
FBgn0263321,Yes,de novo,RETAINED_DE_NOVO,RETAINED_555,3,1,495,495,495.0,0.3555555555555555,3,6.206575926724928,0,35.55555555555555,1.0
FBgn0263320,Yes,de novo,RETAINED_DE_NOVO,RETAINED_555,3,1,180,180,180.0,0.4555555555555555,3,5.198497031265826,0,45.55555555555555,1.0
FBgn0030373,Yes,de novo,RETAINED_DE_NOVO,RETAINED_555,3,1,519,519,519.0,0.535645472061657,3,6.253828811575473,0,53.5645472061657,1.0
FBgn0044810,Yes,de novo,RETAINED_DE_NOVO,RETAINED_555,3,1,429,429,429.0,0.3986013986013986,3,6.063785208687608,0,39.86013986013986,1.0
FBgn0052655,Yes,de novo,RETAINED_DE_NOVO,RETAINED_555,3,1,993,993,993.0,0.4290030211480362,3,6.901737206656574,0,42.900302114803615,1.0
FBgn0267163,Yes,de novo,RETAINED_DE_NOVO,RETAINED_555,3,1,366,366,366.0,0.505464480874317,3,5.905361848054571,0,50.54644808743169,1.0
FBgn0030389,Yes,de novo,RETAINED_DE_NOVO,RETAINED_555,3,1,570,570,570.0,0.4807017543859649,3,6.3473892096560105,0,48.07017543859649,1.0
FBgn0263080,Yes,de novo,RETAINED_DE_NOVO,RETAINED_555,3,1,129,129,129.0,0.6511627906976745,3,4.867534450455582,0,65.11627906976744,1.0
FBgn0031323,Yes,de novo,RETAINED_DE_NOVO,RETAINED_555,3,1,540,540,540.0,0.5018518518518519,3,6.293419278846481,0,50.18518518518519,1.0
FBgn0264725,Yes,de novo,RETAINED_DE_NOVO,RETAINED_555,3,1,246,246,246.0,0.3943089430894309,3,5.5093883366279774,0,39.43089430894309,1.0
FBgn0262960,Yes,de novo,RETAINED_DE_NOVO,RETAINED_555,3,1,120,120,120.0,0.4333333333333333,3,4.795790545596741,0,43.33333333333333,1.0
FBgn0033541,Yes,de novo,RETAINED_DE_NOVO,RETAINED_555,3,1,714,714,714.0,0.5098039215686274,3,6.5722825426940075,0,50.98039215686274,1.0
FBgn0262876,Yes,de novo,RETAINED_DE_NOVO,RETAINED_555,3,1,168,168,168.0,0.4047619047619048,3,5.1298987149230735,0,40.47619047619048,1.0
FBgn0051805,Yes,de novo,RETAINED_DE_NOVO,RETAINED_555,3,2,291,1926,1381.0,0.4582864973075976,3,7.231287004327616,1635,45.82864973075976,1.0
FBgn0036320,Yes,de novo,RETAINED_DE_NOVO,RETAINED_555,3,1,927,927,927.0,0.325782092772384,3,6.833031732786201,0,32.5782092772384,1.0
FBgn0052117,Yes,de novo,RETAINED_DE_NOVO,RETAINED_555,3,1,648,648,648.0,0.4891975308641975,3,6.47543271670409,0,48.919753086419746,1.0
FBgn0052107,Yes,de novo,RETAINED_DE_NOVO,RETAINED_555,3,2,2871,2943,2919.0,0.3922542945004191,3,7.979338895262328,72,39.22542945004191,1.0
FBgn0287218,Yes,de novo,RETAINED_DE_NOVO,RETAINED_555,3,1,135,135,135.0,0.562962962962963,3,4.912654885736052,0,56.2962962962963,1.0
FBgn0264081,Yes,de novo,RETAINED_DE_NOVO,RETAINED_555,3,1,780,780,780.0,0.3884615384615384,3,6.660575149839686,0,38.84615384615384,1.0
FBgn0265579,Yes,de novo,RETAINED_DE_NOVO,RETAINED_555,3,1,285,285,285.0,0.3368421052631579,3,5.655991810819852,0,33.68421052631579,1.0
FBgn0267255,Yes,de novo,RETAINED_DE_NOVO,RETAINED_555,3,1,213,213,213.0,0.4741784037558685,3,5.365976015021851,0,47.41784037558685,1.0
FBgn0035239,Yes,de novo,RETAINED_DE_NOVO,RETAINED_555,3,1,1488,1488,1488.0,0.4314516129032258,3,7.305860032684009,0,43.145161290322584,1.0
FBgn0266538,Yes,de novo,RETAINED_DE_NOVO,RETAINED_555,3,1,105,105,105.0,0.4095238095238095,3,4.663439094112067,0,40.95238095238095,1.0
FBgn0262817,Yes,de novo,RETAINED_DE_NOVO,RETAINED_555,3,1,135,135,135.0,0.4814814814814814,3,4.912654885736052,0,48.14814814814814,1.0
FBgn0030290,Yes,de novo,RETAINED_DE_NOVO,RETAINED_555,3,1,612,612,612.0,0.5245098039215687,3,6.418364935936212,0,52.450980392156865,1.0
FBgn0030296,Yes,de novo,RETAINED_DE_NOVO,RETAINED_555,3,2,1329,1338,1335.0,0.4933837662987669,3,7.197435354096591,9,49.33837662987669,1.0
FBgn0051174,Yes,de novo,RETAINED_DE_NOVO,RETAINED_555,3,1,612,612,612.0,0.3872549019607843,3,6.418364935936212,0,38.72549019607843,1.0
FBgn0015229,Yes,de novo,RETAINED_DE_NOVO,RETAINED_555,3,1,687,687,687.0,0.5312954876273653,3,6.5337888379333435,0,53.12954876273653,1.0
FBgn0262857,Yes,de novo,RETAINED_DE_NOVO,RETAINED_555,3,1,105,105,105.0,0.4000000000000001,3,4.663439094112067,0,40.00000000000001,1.0
FBgn0263654,Yes,de novo,RETAINED_DE_NOVO,RETAINED_555,3,1,111,111,111.0,0.4234234234234234,3,4.718498871295094,0,42.342342342342334,1.0
FBgn0263750,Yes,de novo,RETAINED_DE_NOVO,RETAINED_555,3,1,1119,1119,1119.0,0.5397676496872207,3,7.02108396428914,0,53.976764968722065,1.0
FBgn0030307,Yes,de novo,RETAINED_DE_NOVO,RETAINED_555,3,1,4755,4755,4755.0,0.4473186119873817,3,8.467162257810672,0,44.73186119873817,1.0
FBgn0052102,Yes,de novo,RETAINED_DE_NOVO,RETAINED_555,3,1,267,267,267.0,0.4719101123595505,3,5.5909869805108565,0,47.19101123595505,1.0
FBgn0262144,Yes,de novo,RETAINED_DE_NOVO,RETAINED_555,3,1,285,285,285.0,0.4175438596491228,3,5.655991810819852,0,41.754385964912274,1.0
FBgn0262356,Yes,de novo,RETAINED_DE_NOVO,RETAINED_555,3,1,411,411,411.0,0.3746958637469586,3,6.021023349349527,0,37.469586374695865,1.0
FBgn0265201,Yes,de novo,RETAINED_DE_NOVO,RETAINED_555,3,1,297,297,297.0,0.5151515151515151,3,5.697093486505405,0,51.515151515151516,1.0
FBgn0261806,Yes,de novo,RETAINED_DE_NOVO,RETAINED_555,3,1,489,489,489.0,0.4008179959100204,3,6.194405391104672,0,40.08179959100204,1.0
FBgn0264362,Yes,de novo,RETAINED_DE_NOVO,RETAINED_555,3,1,114,114,114.0,0.4210526315789473,3,4.74493212836325,0,42.105263157894726,1.0
FBgn0085331,Yes,de novo,RETAINED_DE_NOVO,RETAINED_555,3,1,513,513,513.0,0.4502923976608187,3,6.2422232654551655,0,45.02923976608187,1.0
FBgn0287598,Yes,de novo,RETAINED_DE_NOVO,RETAINED_555,3,1,210,210,210.0,0.5238095238095238,3,5.351858133476067,0,52.38095238095239,1.0
FBgn0083068,Yes,de novo,RETAINED_DE_NOVO,RETAINED_555,3,1,99,99,99.0,0.404040404040404,3,4.605170185988092,0,40.4040404040404,1.0
FBgn0038656,Yes,de novo,RETAINED_DE_NOVO,RETAINED_555,3,1,420,420,420.0,0.4904761904761904,3,6.042632833682381,0,49.04761904761904,1.0
FBgn0052259,Yes,de novo,RETAINED_DE_NOVO,RETAINED_555,3,1,492,492,492.0,0.4512195121951219,3,6.20050917404269,0,45.12195121951219,1.0
FBgn0051226,Yes,de novo,RETAINED_DE_NOVO,RETAINED_555,3,1,159,159,159.0,0.559748427672956,3,5.075173815233827,0,55.9748427672956,1.0
FBgn0044811,Yes,de novo,RETAINED_DE_NOVO,RETAINED_555,3,1,378,378,378.0,0.5052910052910053,3,5.937536205082426,0,50.52910052910053,1.0
FBgn0053117,Yes,de novo,RETAINED_DE_NOVO,RETAINED_555,3,1,405,405,405.0,0.4641975308641975,3,6.0063531596017325,0,46.41975308641975,1.0
FBgn0051230,Yes,de novo,RETAINED_DE_NOVO,RETAINED_555,3,1,180,180,180.0,0.4111111111111111,3,5.198497031265826,0,41.11111111111111,1.0
FBgn0284233,Yes,de novo,RETAINED_DE_NOVO,RETAINED_555,3,1,48,48,48.0,0.3333333333333333,3,3.8918202981106265,0,33.33333333333333,1.0
FBgn0042129,Yes,de novo,RETAINED_DE_NOVO,RETAINED_555,3,1,600,600,600.0,0.4733333333333333,3,6.398594934535208,0,47.33333333333333,1.0
FBgn0262890,Yes,de novo,RETAINED_DE_NOVO,RETAINED_555,3,1,201,201,201.0,0.5074626865671642,3,5.308267697401205,0,50.74626865671642,1.0
FBgn0262823,Yes,de novo,RETAINED_DE_NOVO,RETAINED_555,3,1,267,267,267.0,0.4831460674157303,3,5.5909869805108565,0,48.31460674157303,1.0
FBgn0262846,Yes,de novo,RETAINED_DE_NOVO,RETAINED_555,3,1,180,180,180.0,0.4777777777777778,3,5.198497031265826,0,47.77777777777778,1.0
FBgn0267236,Yes,de novo,RETAINED_DE_NOVO,RETAINED_555,3,1,204,204,204.0,0.4754901960784313,3,5.3230099791384085,0,47.54901960784313,1.0
FBgn0038612,Yes,de novo,RETAINED_DE_NOVO,RETAINED_555,3,1,624,624,624.0,0.4647435897435897,3,6.437751649736401,0,46.47435897435897,1.0
FBgn0050355,Yes,de novo,RETAINED_DE_NOVO,RETAINED_555,3,1,561,561,561.0,0.4759358288770053,3,6.331501849893691,0,47.59358288770053,1.0
FBgn0032851,Yes,de novo,RETAINED_DE_NOVO,RETAINED_555,3,1,618,618,618.0,0.5080906148867314,3,6.428105272684596,0,50.80906148867314,1.0
FBgn0036089,Yes,de novo,RETAINED_DE_NOVO,RETAINED_555,3,1,591,591,591.0,0.4467005076142132,3,6.3835066348840055,0,44.67005076142132,1.0
FBgn0052061,Yes,de novo,RETAINED_DE_NOVO,RETAINED_555,3,1,645,645,645.0,0.4232558139534884,3,6.470799503782602,0,42.32558139534884,1.0
FBgn0265256,Yes,de novo,RETAINED_DE_NOVO,RETAINED_555,3,1,393,393,393.0,0.5241730279898219,3,5.976350909297934,0,52.41730279898219,1.0
FBgn0051677,Yes,de novo,RETAINED_DE_NOVO,RETAINED_555,3,1,477,477,477.0,0.450733752620545,3,6.169610732491456,0,45.0733752620545,1.0
FBgn0032867,Yes,de novo,RETAINED_DE_NOVO,RETAINED_555,3,1,702,702,702.0,0.5128205128205128,3,6.555356891810665,0,51.28205128205128,1.0
FBgn0262988,Yes,de novo,RETAINED_DE_NOVO,RETAINED_555,3,1,348,348,348.0,0.4913793103448275,3,5.855071922202427,0,49.137931034482754,1.0
FBgn0033285,Yes,de novo,RETAINED_DE_NOVO,RETAINED_555,3,1,480,480,480.0,0.50625,3,6.175867270105761,0,50.625,1.0
FBgn0264516,Yes,de novo,RETAINED_DE_NOVO,RETAINED_555,3,1,318,318,318.0,0.5125786163522013,3,5.765191102784844,0,51.257861635220124,1.0
FBgn0052115,Yes,de novo,RETAINED_DE_NOVO,RETAINED_555,3,1,1428,1428,1428.0,0.3648459383753501,3,7.264730177929867,0,36.48459383753501,1.0
FBgn0064227,Yes,de novo,RETAINED_DE_NOVO,RETAINED_555,3,1,144,144,144.0,0.5694444444444444,3,4.976733742420574,0,56.94444444444444,1.0
FBgn0051921,Yes,de novo,RETAINED_DE_NOVO,RETAINED_555,3,1,2142,2142,2142.0,0.4785247432306256,3,7.669961995473577,0,47.85247432306256,1.0
FBgn0030429,Yes,de novo,RETAINED_DE_NOVO,RETAINED_555,3,1,1902,1902,1902.0,0.4353312302839117,3,7.551186867296149,0,43.53312302839117,1.0
FBgn0266436,Yes,de novo,RETAINED_DE_NOVO,RETAINED_555,3,1,804,804,804.0,0.4825870646766169,3,6.690842277418564,0,48.25870646766169,1.0
FBgn0266437,Yes,de novo,RETAINED_DE_NOVO,RETAINED_555,3,1,2646,2646,2646.0,0.4554043839758125,3,7.881182202227102,0,45.54043839758125,1.0
FBgn0287211,Yes,de novo,RETAINED_DE_NOVO,RETAINED_555,3,1,291,291,291.0,0.3917525773195876,3,5.676753802268282,0,39.175257731958766,1.0
FBgn0030441,Yes,de novo,RETAINED_DE_NOVO,RETAINED_555,3,1,462,462,462.0,0.4826839826839826,3,6.137727054086234,0,48.26839826839826,1.0
FBgn0036181,Yes,de novo,RETAINED_DE_NOVO,RETAINED_555,3,1,9408,9408,9408.0,0.494047619047619,3,9.149421957006766,0,49.4047619047619,1.0
FBgn0051206,Yes,de novo,RETAINED_DE_NOVO,RETAINED_555,3,1,597,597,597.0,0.4589614740368509,3,6.393590753950631,0,45.89614740368509,1.0
FBgn0262021,Yes,de novo,RETAINED_DE_NOVO,RETAINED_555,3,1,198,198,198.0,0.4292929292929293,3,5.293304824724492,0,42.92929292929293,1.0
FBgn0286872,Yes,de novo,RETAINED_DE_NOVO,RETAINED_555,3,1,315,315,315.0,0.4126984126984127,3,5.755742213586912,0,41.269841269841265,1.0
FBgn0036178,Yes,de novo,RETAINED_DE_NOVO,RETAINED_555,3,1,312,312,312.0,0.5769230769230769,3,5.746203190540153,0,57.692307692307686,1.0
FBgn0051406,Yes,de novo,RETAINED_DE_NOVO,RETAINED_555,3,2,447,750,649.0,0.4317494407158837,3,6.476972362889683,303,43.17494407158837,1.0
FBgn0052639,Yes,de novo,RETAINED_DE_NOVO,RETAINED_555,3,1,429,429,429.0,0.5361305361305362,3,6.063785208687608,0,53.613053613053616,1.0
FBgn0053271,Yes,de novo,RETAINED_DE_NOVO,RETAINED_555,3,1,267,267,267.0,0.5131086142322098,3,5.5909869805108565,0,51.31086142322098,1.0
FBgn0263246,Yes,de novo,RETAINED_DE_NOVO,RETAINED_555,3,1,147,147,147.0,0.5170068027210885,3,4.997212273764115,0,51.70068027210885,1.0
FBgn0038741,Yes,de novo,RETAINED_DE_NOVO,RETAINED_555,3,1,1146,1146,1146.0,0.5174520069808028,3,7.044905117129371,0,51.74520069808028,1.0
FBgn0051459,Yes,de novo,RETAINED_DE_NOVO,RETAINED_555,3,1,741,741,741.0,0.4844804318488529,3,6.60934924316738,0,48.44804318488529,1.0
FBgn0040775,Yes,de novo,RETAINED_DE_NOVO,RETAINED_555,3,1,186,186,186.0,0.5483870967741935,3,5.231108616854587,0,54.83870967741935,1.0
FBgn0265610,Yes,de novo,RETAINED_DE_NOVO,RETAINED_555,3,1,288,288,288.0,0.3993055555555556,3,5.666426688112432,0,39.93055555555556,1.0
FBgn0265469,Yes,de novo,RETAINED_DE_NOVO,RETAINED_555,3,1,324,324,324.0,0.5709876543209876,3,5.783825182329737,0,57.098765432098766,1.0
FBgn0266486,Yes,de novo,RETAINED_DE_NOVO,RETAINED_555,3,1,147,147,147.0,0.4829931972789116,3,4.997212273764115,0,48.29931972789116,1.0
FBgn0265063,Yes,de novo,RETAINED_DE_NOVO,RETAINED_555,3,1,132,132,132.0,0.5,3,4.890349128221754,0,50.0,1.0
FBgn0051797,Yes,de novo,RETAINED_DE_NOVO,RETAINED_555,3,1,2607,2607,2607.0,0.4595320291522823,3,7.866338923046544,0,45.95320291522823,1.0
FBgn0262544,Yes,de novo,RETAINED_DE_NOVO,RETAINED_555,3,1,483,483,483.0,0.4782608695652174,3,6.182084906716632,0,47.82608695652174,1.0
FBgn0264086,Yes,de novo,RETAINED_DE_NOVO,RETAINED_555,3,1,2049,2049,2049.0,0.5061005368472425,3,7.6255950721324535,0,50.61005368472426,1.0
FBgn0031900,Yes,de novo,RETAINED_DE_NOVO,RETAINED_555,3,1,1863,1863,1863.0,0.4632313472893183,3,7.530479995245536,0,46.323134728931834,1.0
FBgn0011694,Yes,de novo,RETAINED_DE_NOVO,RETAINED_555,3,1,201,201,201.0,0.4427860696517413,3,5.308267697401205,0,44.27860696517413,1.0
FBgn0032065,Yes,de novo,RETAINED_DE_NOVO,RETAINED_555,3,1,726,726,726.0,0.4848484848484848,3,6.588926477533519,0,48.48484848484848,1.0
FBgn0265627,Yes,de novo,RETAINED_DE_NOVO,RETAINED_555,3,1,2199,2199,2199.0,0.4947703501591632,3,7.696212639346407,0,49.47703501591632,1.0
FBgn0259972,Yes,de novo,RETAINED_DE_NOVO,RETAINED_555,3,1,249,249,249.0,0.3775100401606425,3,5.521460917862246,0,37.75100401606425,1.0
FBgn0264552,Yes,de novo,RETAINED_DE_NOVO,RETAINED_555,3,1,297,297,297.0,0.5252525252525253,3,5.697093486505405,0,52.52525252525253,1.0
FBgn0261580,Yes,de novo,RETAINED_DE_NOVO,RETAINED_555,3,1,414,414,414.0,0.4009661835748792,3,6.028278520230698,0,40.09661835748792,1.0
FBgn0262824,Yes,de novo,RETAINED_DE_NOVO,RETAINED_555,3,2,390,417,408.0,0.390506056693107,3,6.013715156042802,27,39.0506056693107,1.0
FBgn0261581,Yes,de novo,RETAINED_DE_NOVO,RETAINED_555,3,2,249,423,365.0,0.4147084793073001,3,5.902633333401366,174,41.47084793073001,1.0
FBgn0032311,Yes,de novo,RETAINED_DE_NOVO,RETAINED_555,3,1,417,417,417.0,0.565947242206235,3,6.035481432524756,0,56.594724220623505,1.0
FBgn0052806,Yes,de novo,RETAINED_DE_NOVO,RETAINED_555,3,1,618,618,618.0,0.4854368932038835,3,6.428105272684596,0,48.54368932038835,1.0
FBgn0051606,Yes,de novo,RETAINED_DE_NOVO,RETAINED_555,3,1,594,594,594.0,0.4629629629629629,3,6.38856140554563,0,46.29629629629629,1.0
FBgn0029589,Yes,de novo,RETAINED_DE_NOVO,RETAINED_555,3,1,609,609,609.0,0.5073891625615764,3,6.413458957167357,0,50.73891625615764,1.0
FBgn0029590,Yes,de novo,RETAINED_DE_NOVO,RETAINED_555,3,1,714,714,714.0,0.5210084033613446,3,6.5722825426940075,0,52.10084033613446,1.0
FBgn0050447,Yes,de novo,RETAINED_DE_NOVO,RETAINED_555,3,1,525,525,525.0,0.4266666666666667,3,6.26530121273771,0,42.66666666666667,1.0
FBgn0264487,Yes,de novo,RETAINED_DE_NOVO,RETAINED_555,3,1,168,168,168.0,0.5178571428571429,3,5.1298987149230735,0,51.78571428571429,1.0
FBgn0040353,Yes,de novo,RETAINED_DE_NOVO,RETAINED_555,3,1,993,993,993.0,0.5669687814702921,3,6.901737206656574,0,56.6968781470292,1.0
FBgn0037133,Yes,de novo,RETAINED_DE_NOVO,RETAINED_555,3,1,225,225,225.0,0.4355555555555555,3,5.420534999272286,0,43.55555555555555,1.0
FBgn0034154,Yes,de novo,RETAINED_DE_NOVO,RETAINED_555,3,1,606,606,606.0,0.4818481848184818,3,6.408528791059498,0,48.18481848184818,1.0
FBgn0262568,Yes,de novo,RETAINED_DE_NOVO,RETAINED_555,3,1,402,402,402.0,0.4328358208955223,3,5.998936561946683,0,43.28358208955223,1.0
FBgn0259738,Yes,de novo,RETAINED_DE_NOVO,RETAINED_555,3,1,225,225,225.0,0.3955555555555555,3,5.420534999272286,0,39.55555555555555,1.0
FBgn0266845,Yes,de novo,RETAINED_DE_NOVO,RETAINED_555,3,1,81,81,81.0,0.5308641975308642,3,4.406719247264253,0,53.086419753086425,1.0
FBgn0032039,Yes,de novo,RETAINED_DE_NOVO,RETAINED_555,3,1,1062,1062,1062.0,0.5112994350282486,3,6.968850378341948,0,51.12994350282486,1.0
FBgn0261587,Yes,de novo,RETAINED_DE_NOVO,RETAINED_555,3,1,420,420,420.0,0.5,3,6.042632833682381,0,50.0,1.0
FBgn0265626,Yes,de novo,RETAINED_DE_NOVO,RETAINED_555,3,1,2700,2700,2700.0,0.4855555555555556,3,7.901377353792616,0,48.55555555555556,1.0
FBgn0265577,Yes,de novo,RETAINED_DE_NOVO,RETAINED_555,3,1,126,126,126.0,0.5714285714285714,3,4.844187086458591,0,57.14285714285714,1.0
FBgn0032318,Yes,de novo,RETAINED_DE_NOVO,RETAINED_555,3,1,366,366,366.0,0.4754098360655738,3,5.905361848054571,0,47.54098360655738,1.0
FBgn0262102,Yes,de novo,RETAINED_DE_NOVO,RETAINED_555,3,1,231,231,231.0,0.5411255411255411,3,5.44673737166631,0,54.112554112554115,1.0
FBgn0262481,Yes,de novo,RETAINED_DE_NOVO,RETAINED_555,3,1,186,186,186.0,0.4354838709677419,3,5.231108616854587,0,43.548387096774185,1.0
FBgn0036925,Yes,de novo,RETAINED_DE_NOVO,RETAINED_555,3,1,1806,1806,1806.0,0.5110741971207088,3,7.499423290592229,0,51.10741971207088,1.0
FBgn0039752,Yes,de novo,RETAINED_DE_NOVO,RETAINED_555,3,1,1485,1485,1485.0,0.5454545454545454,3,7.303843225277705,0,54.54545454545454,1.0
FBgn0265762,Yes,de novo,RETAINED_DE_NOVO,RETAINED_555,3,1,249,249,249.0,0.4698795180722891,3,5.521460917862246,0,46.98795180722891,1.0
FBgn0051709,Yes,de novo,RETAINED_DE_NOVO,RETAINED_555,3,1,627,627,627.0,0.4561403508771929,3,6.4425401664681985,0,45.61403508771929,1.0
FBgn0263249,Yes,de novo,RETAINED_DE_NOVO,RETAINED_555,3,1,225,225,225.0,0.4755555555555555,3,5.420534999272286,0,47.55555555555555,1.0
FBgn0263841,Yes,de novo,RETAINED_DE_NOVO,RETAINED_555,3,1,234,234,234.0,0.4401709401709401,3,5.459585514144159,0,44.01709401709401,1.0
FBgn0259709,Yes,de novo,RETAINED_DE_NOVO,RETAINED_555,3,1,465,465,465.0,0.3956989247311828,3,6.144185634125646,0,39.56989247311828,1.0
FBgn0259708,Yes,de novo,RETAINED_DE_NOVO,RETAINED_555,3,1,459,459,459.0,0.3986928104575164,3,6.131226489483141,0,39.86928104575164,1.0
FBgn0086915,Yes,de novo,RETAINED_DE_NOVO,RETAINED_555,3,1,648,648,648.0,0.5015432098765432,3,6.47543271670409,0,50.15432098765432,1.0
FBgn0034144,Yes,de novo,RETAINED_DE_NOVO,RETAINED_555,3,1,1311,1311,1311.0,0.5316552250190694,3,7.179307969504034,0,53.165522501906935,1.0
FBgn0267490,Yes,de novo,RETAINED_DE_NOVO,RETAINED_555,3,1,642,642,642.0,0.4922118380062305,3,6.466144724237619,0,49.221183800623045,1.0
FBgn0287599,Yes,de novo,RETAINED_DE_NOVO,RETAINED_555,3,1,90,90,90.0,0.4111111111111111,3,4.51085950651685,0,41.11111111111111,1.0
FBgn0050325,Yes,de novo,RETAINED_DE_NOVO,RETAINED_555,3,1,2253,2253,2253.0,0.3932534398579672,3,7.720461694599722,0,39.32534398579672,1.0
FBgn0267411,Yes,de novo,RETAINED_DE_NOVO,RETAINED_555,3,1,645,645,645.0,0.489922480620155,3,6.470799503782602,0,48.9922480620155,1.0
FBgn0286875,Yes,de novo,RETAINED_DE_NOVO,RETAINED_555,3,1,198,198,198.0,0.494949494949495,3,5.293304824724492,0,49.494949494949495,1.0
FBgn0267412,Yes,de novo,RETAINED_DE_NOVO,RETAINED_555,3,1,645,645,645.0,0.4883720930232558,3,6.470799503782602,0,48.837209302325576,1.0
FBgn0267413,Yes,de novo,RETAINED_DE_NOVO,RETAINED_555,3,1,645,645,645.0,0.4883720930232558,3,6.470799503782602,0,48.837209302325576,1.0
FBgn0267417,Yes,de novo,RETAINED_DE_NOVO,RETAINED_555,3,1,645,645,645.0,0.4883720930232558,3,6.470799503782602,0,48.837209302325576,1.0
FBgn0267491,Yes,de novo,RETAINED_DE_NOVO,RETAINED_555,3,1,645,645,645.0,0.489922480620155,3,6.470799503782602,0,48.9922480620155,1.0
FBgn0032184,Yes,de novo,RETAINED_DE_NOVO,RETAINED_555,3,1,399,399,399.0,0.5914786967418546,3,5.991464547107982,0,59.14786967418546,1.0
FBgn0265625,Yes,de novo,RETAINED_DE_NOVO,RETAINED_555,3,1,2166,2166,2166.0,0.4750692520775623,3,7.681099001536359,0,47.506925207756225,1.0
FBgn0039811,Yes,de novo,RETAINED_DE_NOVO,RETAINED_555,3,1,432,432,432.0,0.5254629629629629,3,6.07073772800249,0,52.54629629629629,1.0
FBgn0052811,Yes,de novo,RETAINED_DE_NOVO,RETAINED_555,3,1,234,234,234.0,0.4829059829059829,3,5.459585514144159,0,48.29059829059829,1.0
FBgn0266259,Yes,de novo,RETAINED_DE_NOVO,RETAINED_555,3,1,264,264,264.0,0.4924242424242424,3,5.579729825986222,0,49.242424242424235,1.0
FBgn0265833,Yes,de novo,RETAINED_DE_NOVO,RETAINED_555,3,1,417,417,417.0,0.3453237410071942,3,6.035481432524756,0,34.53237410071942,1.0
FBgn0052228,Yes,de novo,RETAINED_DE_NOVO,RETAINED_555,3,1,2748,2748,2748.0,0.3820960698689956,3,7.918992488165245,0,38.20960698689956,1.0
FBgn0263032,Yes,de novo,RETAINED_DE_NOVO,RETAINED_555,3,1,450,450,450.0,0.4666666666666666,3,6.111467339502679,0,46.666666666666664,1.0
FBgn0034551,Yes,de novo,RETAINED_DE_NOVO,RETAINED_555,3,1,678,678,678.0,0.584070796460177,3,6.520621127558696,0,58.4070796460177,1.0
FBgn0263114,Yes,de novo,RETAINED_DE_NOVO,RETAINED_555,3,1,402,402,402.0,0.4552238805970148,3,5.998936561946683,0,45.52238805970148,1.0
FBgn0264566,Yes,de novo,RETAINED_DE_NOVO,RETAINED_555,3,1,252,252,252.0,0.4484126984126984,3,5.53338948872752,0,44.841269841269835,1.0
FBgn0267254,Yes,de novo,RETAINED_DE_NOVO,RETAINED_555,3,1,138,138,138.0,0.4057971014492754,3,4.9344739331306915,0,40.57971014492754,1.0
FBgn0265834,Yes,de novo,RETAINED_DE_NOVO,RETAINED_555,3,1,462,462,462.0,0.3896103896103897,3,6.137727054086234,0,38.961038961038966,1.0
FBgn0029539,Yes,de novo,RETAINED_DE_NOVO,RETAINED_555,3,1,459,459,459.0,0.6252723311546841,3,6.131226489483141,0,62.527233115468405,1.0
FBgn0040357,Yes,de novo,RETAINED_DE_NOVO,RETAINED_555,3,1,693,693,693.0,0.5497835497835498,3,6.542471960506805,0,54.97835497835498,1.0
FBgn0053284,Yes,de novo,RETAINED_DE_NOVO,RETAINED_555,3,1,348,348,348.0,0.5057471264367817,3,5.855071922202427,0,50.57471264367817,1.0
FBgn0262571,Yes,de novo,RETAINED_DE_NOVO,RETAINED_555,3,1,426,426,426.0,0.448356807511737,3,6.056784013228625,0,44.8356807511737,1.0
FBgn0040892,Yes,de novo,RETAINED_DE_NOVO,RETAINED_555,3,1,282,282,282.0,0.574468085106383,3,5.645446897643238,0,57.446808510638306,1.0
FBgn0040343,Yes,de novo,RETAINED_DE_NOVO,RETAINED_555,3,1,252,252,252.0,0.5515873015873016,3,5.53338948872752,0,55.158730158730165,1.0
FBgn0029568,Yes,de novo,RETAINED_DE_NOVO,RETAINED_555,3,1,1311,1311,1311.0,0.5491990846681922,3,7.179307969504034,0,54.91990846681922,1.0
FBgn0286940,Yes,de novo,RETAINED_DE_NOVO,RETAINED_555,3,1,891,891,891.0,0.4231200897867564,3,6.79346613258001,0,42.31200897867564,1.0
FBgn0286941,Yes,de novo,RETAINED_DE_NOVO,RETAINED_555,3,1,102,102,102.0,0.4313725490196078,3,4.634728988229636,0,43.13725490196078,1.0
FBgn0032268,Yes,de novo,RETAINED_DE_NOVO,RETAINED_555,3,1,558,558,558.0,0.5376344086021505,3,6.326149473155099,0,53.76344086021505,1.0
FBgn0025616,Yes,de novo,RETAINED_DE_NOVO,RETAINED_555,3,1,1482,1482,1482.0,0.5148448043184886,3,7.301822342137932,0,51.48448043184886,1.0
FBgn0261830,Yes,de novo,RETAINED_DE_NOVO,RETAINED_555,3,1,486,486,486.0,0.3724279835390947,3,6.18826412308259,0,37.242798353909464,1.0
FBgn0261831,Yes,de novo,RETAINED_DE_NOVO,RETAINED_555,3,1,576,576,576.0,0.3715277777777778,3,6.3578422665081,0,37.15277777777778,1.0
FBgn0262482,Yes,de novo,RETAINED_DE_NOVO,RETAINED_555,3,1,249,249,249.0,0.5140562248995983,3,5.521460917862246,0,51.40562248995983,1.0
FBgn0039792,Yes,de novo,RETAINED_DE_NOVO,RETAINED_555,3,1,1173,1173,1173.0,0.505541346973572,3,7.068172000388042,0,50.5541346973572,1.0
FBgn0029596,Yes,de novo,RETAINED_DE_NOVO,RETAINED_555,3,1,618,618,618.0,0.5550161812297735,3,6.428105272684596,0,55.50161812297735,1.0
FBgn0264746,Yes,de novo,RETAINED_DE_NOVO,RETAINED_555,3,1,1107,1107,1107.0,0.3766937669376693,3,7.010311867307229,0,37.669376693766935,1.0
FBgn0261059,Yes,de novo,RETAINED_DE_NOVO,RETAINED_555,3,1,453,453,453.0,0.4216335540838852,3,6.118097198041348,0,42.16335540838852,1.0
FBgn0262882,Yes,de novo,RETAINED_DE_NOVO,RETAINED_555,3,1,243,243,243.0,0.448559670781893,3,5.497168225293202,0,44.8559670781893,1.0
FBgn0265576,Yes,de novo,RETAINED_DE_NOVO,RETAINED_555,3,1,444,444,444.0,0.4594594594594595,3,6.09807428216624,0,45.94594594594595,1.0
FBgn0264329,Yes,de novo,RETAINED_DE_NOVO,RETAINED_555,3,1,189,189,189.0,0.4973544973544974,3,5.247024072160486,0,49.73544973544974,1.0
FBgn0264330,Yes,de novo,RETAINED_DE_NOVO,RETAINED_555,3,1,183,183,183.0,0.4153005464480874,3,5.214935757608986,0,41.530054644808736,1.0
FBgn0085219,Yes,de novo,RETAINED_DE_NOVO,RETAINED_555,3,1,309,309,309.0,0.4077669902912621,3,5.736572297479192,0,40.77669902912621,1.0
FBgn0261501,Yes,de novo,RETAINED_DE_NOVO,RETAINED_555,3,1,219,219,219.0,0.4748858447488584,3,5.393627546352361,0,47.48858447488584,1.0
FBgn0264541,Yes,de novo,RETAINED_DE_NOVO,RETAINED_555,3,1,171,171,171.0,0.5497076023391813,3,5.147494476813453,0,54.97076023391813,1.0
FBgn0025627,Yes,de novo,RETAINED_DE_NOVO,RETAINED_555,3,1,795,795,795.0,0.5320754716981132,3,6.679599185844383,0,53.20754716981132,1.0
FBgn0034464,Yes,de novo,RETAINED_DE_NOVO,RETAINED_555,3,1,954,954,954.0,0.4884696016771488,3,6.86171134048073,0,48.84696016771488,1.0
FBgn0037042,Yes,de novo,RETAINED_DE_NOVO,RETAINED_555,3,2,99,588,425.0,0.517487803202089,3,6.054439346269371,489,51.7487803202089,1.0
FBgn0067905,Yes,de novo,RETAINED_DE_NOVO,RETAINED_555,3,1,141,141,141.0,0.5035460992907801,3,4.955827057601261,0,50.35460992907801,1.0
FBgn0265835,Yes,de novo,RETAINED_DE_NOVO,RETAINED_555,3,1,189,189,189.0,0.4444444444444444,3,5.247024072160486,0,44.44444444444444,1.0
FBgn0040737,Yes,de novo,RETAINED_DE_NOVO,RETAINED_555,3,1,177,177,177.0,0.536723163841808,3,5.181783550292085,0,53.672316384180796,1.0
FBgn0261583,Yes,de novo,RETAINED_DE_NOVO,RETAINED_555,3,1,408,408,408.0,0.4852941176470588,3,6.013715156042802,0,48.529411764705884,1.0
FBgn0262563,Yes,de novo,RETAINED_DE_NOVO,RETAINED_555,3,1,234,234,234.0,0.5384615384615384,3,5.459585514144159,0,53.84615384615385,1.0
FBgn0052192,Yes,de novo,RETAINED_DE_NOVO,RETAINED_555,3,2,402,411,408.0,0.3562237474428344,3,6.013715156042802,9,35.62237474428344,1.0
FBgn0050461,Yes,de novo,RETAINED_DE_NOVO,RETAINED_555,3,1,678,678,678.0,0.4808259587020649,3,6.520621127558696,0,48.08259587020649,1.0
FBgn0262966,Yes,de novo,RETAINED_DE_NOVO,RETAINED_555,3,1,153,153,153.0,0.5490196078431373,3,5.0369526024136295,0,54.90196078431373,1.0
FBgn0264748,Yes,de novo,RETAINED_DE_NOVO,RETAINED_555,3,1,1125,1125,1125.0,0.3973333333333333,3,7.026426808699636,0,39.733333333333334,1.0
FBgn0264747,Yes,de novo,RETAINED_DE_NOVO,RETAINED_555,3,1,1113,1113,1113.0,0.4132973944294698,3,7.01571242048723,0,41.32973944294698,1.0
FBgn0085282,Yes,de novo,RETAINED_DE_NOVO,RETAINED_555,3,1,339,339,339.0,0.471976401179941,3,5.8289456176102075,0,47.1976401179941,1.0
FBgn0262810,Yes,de novo,RETAINED_DE_NOVO,RETAINED_555,3,1,387,387,387.0,0.3953488372093023,3,5.961005339623274,0,39.53488372093023,1.0
FBgn0261704,Yes,de novo,RETAINED_DE_NOVO,RETAINED_555,3,1,156,156,156.0,0.358974358974359,3,5.056245805348308,0,35.8974358974359,1.0
FBgn0259148,Yes,de novo,RETAINED_DE_NOVO,RETAINED_555,3,1,489,489,489.0,0.3742331288343558,3,6.194405391104672,0,37.42331288343558,1.0
FBgn0004414,Yes,de novo,RETAINED_DE_NOVO,RETAINED_555,3,1,252,252,252.0,0.5753968253968254,3,5.53338948872752,0,57.53968253968254,1.0
FBgn0262359,Yes,de novo,RETAINED_DE_NOVO,RETAINED_555,3,1,372,372,372.0,0.5161290322580645,3,5.921578419643816,0,51.61290322580645,1.0
FBgn0029669,Yes,de novo,RETAINED_DE_NOVO,RETAINED_555,3,1,333,333,333.0,0.5225225225225225,3,5.8111409929767,0,52.25225225225225,1.0
FBgn0264714,Yes,de novo,RETAINED_DE_NOVO,RETAINED_555,3,1,261,261,261.0,0.5134099616858238,3,5.568344503761097,0,51.34099616858238,1.0
FBgn0040967,Yes,de novo,RETAINED_DE_NOVO,RETAINED_555,3,1,384,384,384.0,0.5286458333333334,3,5.953243334287785,0,52.864583333333336,1.0
FBgn0085285,Yes,de novo,RETAINED_DE_NOVO,RETAINED_555,3,1,507,507,507.0,0.4733727810650887,3,6.230481447578482,0,47.33727810650887,1.0
FBgn0051882,Yes,de novo,RETAINED_DE_NOVO,RETAINED_555,3,1,366,366,366.0,0.5109289617486339,3,5.905361848054571,0,51.09289617486339,1.0
FBgn0050395,Yes,de novo,RETAINED_DE_NOVO,RETAINED_555,3,1,2721,2721,2721.0,0.3855200294009555,3,7.909122183211411,0,38.55200294009555,1.0
FBgn0050114,Yes,de novo,RETAINED_DE_NOVO,RETAINED_555,3,1,348,348,348.0,0.5114942528735632,3,5.855071922202427,0,51.14942528735632,1.0
FBgn0034512,Yes,de novo,RETAINED_DE_NOVO,RETAINED_555,3,1,738,738,738.0,0.4959349593495935,3,6.6052979209482015,0,49.59349593495935,1.0
FBgn0042198,Yes,de novo,RETAINED_DE_NOVO,RETAINED_555,3,1,264,264,264.0,0.5340909090909091,3,5.579729825986222,0,53.40909090909091,1.0
FBgn0267104,Yes,de novo,RETAINED_DE_NOVO,RETAINED_555,3,1,234,234,234.0,0.4444444444444444,3,5.459585514144159,0,44.44444444444444,1.0
FBgn0032335,Yes,de novo,RETAINED_DE_NOVO,RETAINED_555,3,1,363,363,363.0,0.512396694214876,3,5.8971538676367405,0,51.2396694214876,1.0
FBgn0051710,Yes,de novo,RETAINED_DE_NOVO,RETAINED_555,3,2,369,372,371.0,0.523807442375499,3,5.918893854273146,3,52.380744237549905,1.0
FBgn0050154,Yes,de novo,RETAINED_DE_NOVO,RETAINED_555,3,1,195,195,195.0,0.5435897435897435,3,5.278114659230518,0,54.35897435897436,1.0
FBgn0263326,Yes,de novo,RETAINED_DE_NOVO,RETAINED_555,3,1,132,132,132.0,0.5984848484848485,3,4.890349128221754,0,59.84848484848485,1.0
FBgn0263083,Yes,de novo,RETAINED_DE_NOVO,RETAINED_555,3,1,168,168,168.0,0.4821428571428571,3,5.1298987149230735,0,48.21428571428571,1.0
FBgn0031920,Yes,de novo,RETAINED_DE_NOVO,RETAINED_555,3,2,1482,1677,1612.0,0.4894443921371706,3,7.385851078125209,195,48.94443921371706,1.0
FBgn0259973,Yes,de novo,RETAINED_DE_NOVO,RETAINED_555,3,1,108,108,108.0,0.4537037037037037,3,4.6913478822291435,0,45.370370370370374,1.0
FBgn0263402,Yes,de novo,RETAINED_DE_NOVO,RETAINED_555,3,1,285,285,285.0,0.4035087719298245,3,5.655991810819852,0,40.35087719298245,1.0
FBgn0034502,Yes,de novo,RETAINED_DE_NOVO,RETAINED_555,3,1,1563,1563,1563.0,0.5220729366602687,3,7.355001921105257,0,52.207293666026864,1.0
FBgn0287592,Yes,de novo,RETAINED_DE_NOVO,RETAINED_555,3,1,105,105,105.0,0.4000000000000001,3,4.663439094112067,0,40.00000000000001,1.0
FBgn0039659,Yes,de novo,RETAINED_DE_NOVO,RETAINED_555,3,2,1194,1215,1208.0,0.4878659415045047,3,7.097548850614793,21,48.78659415045047,1.0
FBgn0034413,Yes,de novo,RETAINED_DE_NOVO,RETAINED_555,3,1,777,777,777.0,0.444015444015444,3,6.656726524178391,0,44.4015444015444,1.0
FBgn0262896,Yes,de novo,RETAINED_DE_NOVO,RETAINED_555,3,1,120,120,120.0,0.3833333333333333,3,4.795790545596741,0,38.33333333333333,1.0
FBgn0036923,Yes,de novo,RETAINED_DE_NOVO,RETAINED_555,3,1,2373,2373,2373.0,0.4951538137378845,3,7.772331575169614,0,49.51538137378845,1.0
FBgn0262569,Yes,de novo,RETAINED_DE_NOVO,RETAINED_555,3,1,174,174,174.0,0.4770114942528735,3,5.1647859739235145,0,47.70114942528735,1.0
FBgn0262480,Yes,de novo,RETAINED_DE_NOVO,RETAINED_555,3,2,258,381,340.0,0.3860404077397302,3,5.831882477283517,123,38.60404077397302,1.0
FBgn0261816,Yes,homology from all-vs-all blastp of 28 Arthropods genomes,REJECTED_HOMOLOGY,REJECTED_279,3,1,375,375,375.0,0.5626666666666666,3,5.929589143389895,0,56.266666666666666,1.0
FBgn0004172,Yes,homology from all-vs-all blastp of 28 Arthropods genomes,REJECTED_HOMOLOGY,REJECTED_279,3,1,192,192,192.0,0.625,3,5.262690188904886,0,62.5,1.0
FBgn0266488,Yes,homology from all-vs-all blastp of 28 Arthropods genomes,REJECTED_HOMOLOGY,REJECTED_279,3,1,84,84,84.0,0.3452380952380952,3,4.442651256490317,0,34.52380952380952,1.0
FBgn0286929,Yes,homology from all-vs-all blastp of 28 Arthropods genomes,REJECTED_HOMOLOGY,REJECTED_279,3,1,135,135,135.0,0.4814814814814814,3,4.912654885736052,0,48.14814814814814,1.0
FBgn0004554,Yes,homology from all-vs-all blastp of 28 Arthropods genomes,REJECTED_HOMOLOGY,REJECTED_279,3,2,456,480,472.0,0.5777046783625731,3,6.159095388491933,24,57.77046783625731,1.0
FBgn0085317,Yes,homology from all-vs-all blastp of 28 Arthropods genomes,REJECTED_HOMOLOGY,REJECTED_279,3,1,180,180,180.0,0.55,3,5.198497031265826,0,55.00000000000001,1.0
FBgn0035955,Yes,homology from all-vs-all blastp of 28 Arthropods genomes,REJECTED_HOMOLOGY,REJECTED_279,3,1,909,909,909.0,0.5236523652365237,3,6.813444599510896,0,52.36523652365237,1.0
FBgn0011668,Yes,homology from all-vs-all blastp of 28 Arthropods genomes,REJECTED_HOMOLOGY,REJECTED_279,3,1,228,228,228.0,0.5657894736842105,3,5.43372200355424,0,56.57894736842105,1.0
FBgn0266492,Yes,homology from all-vs-all blastp of 28 Arthropods genomes,REJECTED_HOMOLOGY,REJECTED_279,3,1,90,90,90.0,0.5,3,4.51085950651685,0,50.0,1.0
FBgn0266539,Yes,homology from all-vs-all blastp of 28 Arthropods genomes,REJECTED_HOMOLOGY,REJECTED_279,3,1,117,117,117.0,0.5555555555555556,3,4.770684624465665,0,55.55555555555556,1.0
FBgn0038709,Yes,homology from all-vs-all blastp of 28 Arthropods genomes,REJECTED_HOMOLOGY,REJECTED_279,3,1,1032,1032,1032.0,0.5096899224806202,3,6.940222469119639,0,50.968992248062015,1.0
FBgn0264836,Yes,homology from all-vs-all blastp of 28 Arthropods genomes,REJECTED_HOMOLOGY,REJECTED_279,3,1,201,201,201.0,0.5323383084577115,3,5.308267697401205,0,53.233830845771145,1.0
FBgn0028855,Yes,homology from all-vs-all blastp of 28 Arthropods genomes,REJECTED_HOMOLOGY,REJECTED_279,3,1,240,240,240.0,0.5333333333333333,3,5.484796933490655,0,53.333333333333336,1.0
FBgn0266491,Yes,homology from all-vs-all blastp of 28 Arthropods genomes,REJECTED_HOMOLOGY,REJECTED_279,3,1,87,87,87.0,0.4942528735632184,3,4.477336814478207,0,49.42528735632184,1.0
FBgn0262790,Yes,homology from all-vs-all blastp of 28 Arthropods genomes,REJECTED_HOMOLOGY,REJECTED_279,3,1,72,72,72.0,0.4444444444444444,3,4.290459441148391,0,44.44444444444444,1.0
FBgn0047000,Yes,homology from all-vs-all blastp of 28 Arthropods genomes,REJECTED_HOMOLOGY,REJECTED_279,3,1,123,123,123.0,0.4878048780487805,3,4.820281565605037,0,48.78048780487805,1.0
FBgn0278600,Yes,homology from all-vs-all blastp of 28 Arthropods genomes,REJECTED_HOMOLOGY,REJECTED_279,3,1,51,51,51.0,0.411764705882353,3,3.9512437185814275,0,41.1764705882353,1.0
FBgn0262104,Yes,homology from all-vs-all blastp of 28 Arthropods genomes,REJECTED_HOMOLOGY,REJECTED_279,3,1,417,417,417.0,0.422062350119904,3,6.035481432524756,0,42.2062350119904,1.0
FBgn0036591,Yes,homology from all-vs-all blastp of 28 Arthropods genomes,REJECTED_HOMOLOGY,REJECTED_279,3,1,432,432,432.0,0.5740740740740741,3,6.07073772800249,0,57.407407407407405,1.0
FBgn0033497,Yes,homology from all-vs-all blastp of 28 Arthropods genomes,REJECTED_HOMOLOGY,REJECTED_279,3,1,339,339,339.0,0.5427728613569321,3,5.8289456176102075,0,54.27728613569322,1.0
FBgn0040816,Yes,homology from all-vs-all blastp of 28 Arthropods genomes,REJECTED_HOMOLOGY,REJECTED_279,3,1,201,201,201.0,0.5373134328358209,3,5.308267697401205,0,53.73134328358209,1.0
FBgn0085199,Yes,homology from all-vs-all blastp of 28 Arthropods genomes,REJECTED_HOMOLOGY,REJECTED_279,3,1,189,189,189.0,0.4814814814814814,3,5.247024072160486,0,48.14814814814814,1.0
FBgn0085195,Yes,homology from all-vs-all blastp of 28 Arthropods genomes,REJECTED_HOMOLOGY,REJECTED_279,3,1,249,249,249.0,0.5582329317269076,3,5.521460917862246,0,55.82329317269076,1.0
FBgn0037294,Yes,homology from all-vs-all blastp of 28 Arthropods genomes,REJECTED_HOMOLOGY,REJECTED_279,3,1,1002,1002,1002.0,0.5409181636726547,3,6.910750787961936,0,54.091816367265466,1.0
FBgn0260954,Yes,homology from all-vs-all blastp of 28 Arthropods genomes,REJECTED_HOMOLOGY,REJECTED_279,3,1,270,270,270.0,0.5481481481481482,3,5.602118820879701,0,54.81481481481482,1.0
FBgn0028537,Yes,homology from all-vs-all blastp of 28 Arthropods genomes,REJECTED_HOMOLOGY,REJECTED_279,3,1,270,270,270.0,0.5481481481481482,3,5.602118820879701,0,54.81481481481482,1.0
FBgn0038102,Yes,homology from all-vs-all blastp of 28 Arthropods genomes,REJECTED_HOMOLOGY,REJECTED_279,3,1,999,999,999.0,0.4704704704704704,3,6.907755278982137,0,47.047047047047045,1.0
FBgn0085252,Yes,homology from all-vs-all blastp of 28 Arthropods genomes,REJECTED_HOMOLOGY,REJECTED_279,3,1,285,285,285.0,0.512280701754386,3,5.655991810819852,0,51.2280701754386,1.0
FBgn0004175,Yes,homology from all-vs-all blastp of 28 Arthropods genomes,REJECTED_HOMOLOGY,REJECTED_279,3,1,219,219,219.0,0.6210045662100456,3,5.393627546352361,0,62.10045662100456,1.0
FBgn0040801,Yes,homology from all-vs-all blastp of 28 Arthropods genomes,REJECTED_HOMOLOGY,REJECTED_279,3,1,276,276,276.0,0.5942028985507246,3,5.6240175061873385,0,59.42028985507246,1.0
FBgn0262098,Yes,homology from all-vs-all blastp of 28 Arthropods genomes,REJECTED_HOMOLOGY,REJECTED_279,3,1,195,195,195.0,0.5487179487179488,3,5.278114659230518,0,54.871794871794876,1.0
FBgn0004174,Yes,homology from all-vs-all blastp of 28 Arthropods genomes,REJECTED_HOMOLOGY,REJECTED_279,3,1,168,168,168.0,0.5892857142857143,3,5.1298987149230735,0,58.92857142857143,1.0
FBgn0031751,Yes,homology from all-vs-all blastp of 28 Arthropods genomes,REJECTED_HOMOLOGY,REJECTED_279,3,1,258,258,258.0,0.624031007751938,3,5.556828061699537,0,62.4031007751938,1.0
FBgn0038945,Yes,homology from all-vs-all blastp of 28 Arthropods genomes,REJECTED_HOMOLOGY,REJECTED_279,3,1,765,765,765.0,0.5764705882352941,3,6.641182169740591,0,57.647058823529406,1.0
FBgn0262572,Yes,homology from all-vs-all blastp of 28 Arthropods genomes,REJECTED_HOMOLOGY,REJECTED_279,3,1,189,189,189.0,0.4814814814814814,3,5.247024072160486,0,48.14814814814814,1.0
FBgn0265538,Yes,homology from all-vs-all blastp of 28 Arthropods genomes,REJECTED_HOMOLOGY,REJECTED_279,3,1,93,93,93.0,0.4516129032258064,3,4.543294782270004,0,45.16129032258064,1.0
FBgn0262022,Yes,homology from all-vs-all blastp of 28 Arthropods genomes,REJECTED_HOMOLOGY,REJECTED_279,3,1,264,264,264.0,0.4015151515151515,3,5.579729825986222,0,40.15151515151515,1.0
FBgn0286873,Yes,homology from all-vs-all blastp of 28 Arthropods genomes,REJECTED_HOMOLOGY,REJECTED_279,3,1,183,183,183.0,0.4863387978142077,3,5.214935757608986,0,48.63387978142077,1.0
FBgn0085310,Yes,homology from all-vs-all blastp of 28 Arthropods genomes,REJECTED_HOMOLOGY,REJECTED_279,3,1,321,321,321.0,0.5233644859813084,3,5.7745515455444085,0,52.336448598130836,1.0
FBgn0050487,Yes,homology from all-vs-all blastp of 28 Arthropods genomes,REJECTED_HOMOLOGY,REJECTED_279,3,1,597,597,597.0,0.4204355108877722,3,6.393590753950631,0,42.04355108877722,1.0
FBgn0034514,Yes,homology from all-vs-all blastp of 28 Arthropods genomes,REJECTED_HOMOLOGY,REJECTED_279,3,1,318,318,318.0,0.550314465408805,3,5.765191102784844,0,55.0314465408805,1.0
FBgn0051050,Yes,homology from all-vs-all blastp of 28 Arthropods genomes,REJECTED_HOMOLOGY,REJECTED_279,3,1,246,246,246.0,0.5040650406504065,3,5.5093883366279774,0,50.40650406504065,1.0
FBgn0032284,Yes,homology from all-vs-all blastp of 28 Arthropods genomes,REJECTED_HOMOLOGY,REJECTED_279,3,1,384,384,384.0,0.640625,3,5.953243334287785,0,64.0625,1.0
FBgn0052453,Yes,homology from all-vs-all blastp of 28 Arthropods genomes,REJECTED_HOMOLOGY,REJECTED_279,3,1,363,363,363.0,0.6336088154269972,3,5.8971538676367405,0,63.36088154269972,1.0
FBgn0032281,Yes,homology from all-vs-all blastp of 28 Arthropods genomes,REJECTED_HOMOLOGY,REJECTED_279,3,1,291,291,291.0,0.6460481099656358,3,5.676753802268282,0,64.60481099656357,1.0
FBgn0037179,Yes,homology from all-vs-all blastp of 28 Arthropods genomes,REJECTED_HOMOLOGY,REJECTED_279,3,1,402,402,402.0,0.6442786069651741,3,5.998936561946683,0,64.42786069651741,1.0
FBgn0040922,Yes,homology from all-vs-all blastp of 28 Arthropods genomes,REJECTED_HOMOLOGY,REJECTED_279,3,1,219,219,219.0,0.5205479452054794,3,5.393627546352361,0,52.054794520547944,1.0
FBgn0040923,Yes,homology from all-vs-all blastp of 28 Arthropods genomes,REJECTED_HOMOLOGY,REJECTED_279,3,1,198,198,198.0,0.5858585858585859,3,5.293304824724492,0,58.58585858585859,1.0
FBgn0052071,Yes,homology from all-vs-all blastp of 28 Arthropods genomes,REJECTED_HOMOLOGY,REJECTED_279,3,1,453,453,453.0,0.5960264900662252,3,6.118097198041348,0,59.60264900662252,1.0
FBgn0039945,Yes,homology from all-vs-all blastp of 28 Arthropods genomes,REJECTED_HOMOLOGY,REJECTED_279,3,1,1311,1311,1311.0,0.4950419527078566,3,7.179307969504034,0,49.50419527078566,1.0
FBgn0004591,Yes,homology from all-vs-all blastp of 28 Arthropods genomes,REJECTED_HOMOLOGY,REJECTED_279,3,1,300,300,300.0,0.4733333333333333,3,5.707110264748875,0,47.33333333333333,1.0
FBgn0004588,Yes,homology from all-vs-all blastp of 28 Arthropods genomes,REJECTED_HOMOLOGY,REJECTED_279,3,1,303,303,303.0,0.4752475247524752,3,5.717027701406222,0,47.524752475247524,1.0
FBgn0036131,Yes,homology from all-vs-all blastp of 28 Arthropods genomes,REJECTED_HOMOLOGY,REJECTED_279,3,1,414,414,414.0,0.6135265700483091,3,6.028278520230698,0,61.35265700483091,1.0
FBgn0263042,Yes,homology from all-vs-all blastp of 28 Arthropods genomes,REJECTED_HOMOLOGY,REJECTED_279,3,1,519,519,519.0,0.4971098265895953,3,6.253828811575473,0,49.71098265895953,1.0
FBgn0085196,Yes,homology from all-vs-all blastp of 28 Arthropods genomes,REJECTED_HOMOLOGY,REJECTED_279,3,1,384,384,384.0,0.609375,3,5.953243334287785,0,60.9375,1.0
FBgn0036419,Yes,homology from all-vs-all blastp of 28 Arthropods genomes,REJECTED_HOMOLOGY,REJECTED_279,3,1,309,309,309.0,0.5922330097087378,3,5.736572297479192,0,59.22330097087378,1.0
FBgn0085367,Yes,homology from all-vs-all blastp of 28 Arthropods genomes,REJECTED_HOMOLOGY,REJECTED_279,3,1,333,333,333.0,0.4504504504504504,3,5.8111409929767,0,45.04504504504504,1.0
FBgn0029535,Yes,homology from all-vs-all blastp of 28 Arthropods genomes,REJECTED_HOMOLOGY,REJECTED_279,3,1,360,360,360.0,0.5444444444444444,3,5.8888779583328805,0,54.44444444444444,1.0
FBgn0266540,Yes,homology from all-vs-all blastp of 28 Arthropods genomes,REJECTED_HOMOLOGY,REJECTED_279,3,1,207,207,207.0,0.463768115942029,3,5.337538079701318,0,46.3768115942029,1.0
FBgn0031129,Yes,homology from all-vs-all blastp of 28 Arthropods genomes,REJECTED_HOMOLOGY,REJECTED_279,3,1,879,879,879.0,0.5676905574516496,3,6.779921907472252,0,56.76905574516496,1.0
FBgn0083936,Yes,homology from all-vs-all blastp of 28 Arthropods genomes,REJECTED_HOMOLOGY,REJECTED_279,3,1,141,141,141.0,0.4397163120567376,3,4.955827057601261,0,43.97163120567376,1.0
FBgn0266811,Yes,homology from all-vs-all blastp of 28 Arthropods genomes,REJECTED_HOMOLOGY,REJECTED_279,3,1,267,267,267.0,0.4419475655430712,3,5.5909869805108565,0,44.19475655430712,1.0
FBgn0286933,Yes,homology from all-vs-all blastp of 28 Arthropods genomes,REJECTED_HOMOLOGY,REJECTED_279,3,1,558,558,558.0,0.3440860215053763,3,6.326149473155099,0,34.40860215053763,1.0
FBgn0030595,Yes,homology from all-vs-all blastp of 28 Arthropods genomes,REJECTED_HOMOLOGY,REJECTED_279,3,1,312,312,312.0,0.5544871794871795,3,5.746203190540153,0,55.44871794871795,1.0
FBgn0031178,Yes,homology from all-vs-all blastp of 28 Arthropods genomes,REJECTED_HOMOLOGY,REJECTED_279,3,1,552,552,552.0,0.6431159420289855,3,6.315358001522335,0,64.31159420289855,1.0
FBgn0036471,Yes,homology from all-vs-all blastp of 28 Arthropods genomes,REJECTED_HOMOLOGY,REJECTED_279,3,1,609,609,609.0,0.5435139573070608,3,6.413458957167357,0,54.35139573070607,1.0
FBgn0032285,Yes,homology from all-vs-all blastp of 28 Arthropods genomes,REJECTED_HOMOLOGY,REJECTED_279,3,1,1029,1029,1029.0,0.6433430515063168,3,6.937314081223682,0,64.33430515063168,1.0
FBgn0039288,Yes,homology from all-vs-all blastp of 28 Arthropods genomes,REJECTED_HOMOLOGY,REJECTED_279,3,1,708,708,708.0,0.5169491525423728,3,6.5638555265321274,0,51.69491525423729,1.0
FBgn0040759,Yes,homology from all-vs-all blastp of 28 Arthropods genomes,REJECTED_HOMOLOGY,REJECTED_279,3,1,273,273,273.0,0.5311355311355311,3,5.6131281063880705,0,53.11355311355312,1.0
FBgn0051698,Yes,homology from all-vs-all blastp of 28 Arthropods genomes,REJECTED_HOMOLOGY,REJECTED_279,3,1,456,456,456.0,0.4846491228070175,3,6.124683390894205,0,48.464912280701746,1.0
FBgn0040723,Yes,homology from all-vs-all blastp of 28 Arthropods genomes,REJECTED_HOMOLOGY,REJECTED_279,3,1,243,243,243.0,0.6337448559670782,3,5.497168225293202,0,63.37448559670782,1.0
FBgn0265836,Yes,homology from all-vs-all blastp of 28 Arthropods genomes,REJECTED_HOMOLOGY,REJECTED_279,3,1,243,243,243.0,0.4691358024691358,3,5.497168225293202,0,46.913580246913575,1.0
FBgn0263982,Yes,homology from all-vs-all blastp of 28 Arthropods genomes,REJECTED_HOMOLOGY,REJECTED_279,3,1,183,183,183.0,0.4316939890710382,3,5.214935757608986,0,43.16939890710382,1.0
FBgn0085225,Yes,homology from all-vs-all blastp of 28 Arthropods genomes,REJECTED_HOMOLOGY,REJECTED_279,3,1,240,240,240.0,0.5166666666666667,3,5.484796933490655,0,51.66666666666667,1.0
FBgn0032360,Yes,homology from all-vs-all blastp of 28 Arthropods genomes,REJECTED_HOMOLOGY,REJECTED_279,3,1,525,525,525.0,0.5219047619047619,3,6.26530121273771,0,52.19047619047619,1.0
FBgn0034899,Yes,homology from all-vs-all blastp of 28 Arthropods genomes,REJECTED_HOMOLOGY,REJECTED_279,3,1,546,546,546.0,0.6593406593406593,3,6.304448802421981,0,65.93406593406593,1.0
FBgn0083941,Yes,homology from all-vs-all blastp of 28 Arthropods genomes,REJECTED_HOMOLOGY,REJECTED_279,3,1,474,474,474.0,0.6054852320675106,3,6.163314804034641,0,60.54852320675106,1.0
FBgn0034900,Yes,homology from all-vs-all blastp of 28 Arthropods genomes,REJECTED_HOMOLOGY,REJECTED_279,3,1,474,474,474.0,0.6054852320675106,3,6.163314804034641,0,60.54852320675106,1.0
FBgn0263743,Yes,homology from all-vs-all blastp of 28 Arthropods genomes,REJECTED_HOMOLOGY,REJECTED_279,3,1,543,543,543.0,0.4640883977900552,3,6.298949246855942,0,46.40883977900552,1.0
FBgn0046873,Yes,homology from all-vs-all blastp of 28 Arthropods genomes,REJECTED_HOMOLOGY,REJECTED_279,3,1,357,357,357.0,0.6554621848739496,3,5.8805329864007,0,65.54621848739495,1.0
FBgn0033202,Yes,homology from all-vs-all blastp of 28 Arthropods genomes,REJECTED_HOMOLOGY,REJECTED_279,3,1,1263,1263,1263.0,0.503562945368171,3,7.142036574706803,0,50.3562945368171,1.0
FBgn0030900,Yes,homology from all-vs-all blastp of 28 Arthropods genomes,REJECTED_HOMOLOGY,REJECTED_279,3,1,579,579,579.0,0.5906735751295337,3,6.363028103540465,0,59.067357512953365,1.0
FBgn0034910,Yes,homology from all-vs-all blastp of 28 Arthropods genomes,REJECTED_HOMOLOGY,REJECTED_279,3,1,1035,1035,1035.0,0.5565217391304348,3,6.943122422819428,0,55.65217391304348,1.0
FBgn0263848,Yes,homology from all-vs-all blastp of 28 Arthropods genomes,REJECTED_HOMOLOGY,REJECTED_279,3,1,465,465,465.0,0.4709677419354838,3,6.144185634125646,0,47.09677419354838,1.0
FBgn0261807,Yes,homology from all-vs-all blastp of 28 Arthropods genomes,REJECTED_HOMOLOGY,REJECTED_279,3,1,255,255,255.0,0.4823529411764706,3,5.545177444479562,0,48.23529411764706,1.0
FBgn0052074,Yes,homology from all-vs-all blastp of 28 Arthropods genomes,REJECTED_HOMOLOGY,REJECTED_279,3,1,333,333,333.0,0.5345345345345346,3,5.8111409929767,0,53.453453453453456,1.0
FBgn0263403,Yes,homology from all-vs-all blastp of 28 Arthropods genomes,REJECTED_HOMOLOGY,REJECTED_279,3,1,237,237,237.0,0.379746835443038,3,5.472270673671475,0,37.9746835443038,1.0
FBgn0037577,Yes,homology from all-vs-all blastp of 28 Arthropods genomes,REJECTED_HOMOLOGY,REJECTED_279,3,2,396,420,412.0,0.5567099567099567,3,6.023447592961033,24,55.67099567099567,1.0
FBgn0036731,Yes,homology from all-vs-all blastp of 28 Arthropods genomes,REJECTED_HOMOLOGY,REJECTED_279,3,1,621,621,621.0,0.5136876006441223,3,6.432940092739179,0,51.368760064412236,1.0
FBgn0263742,Yes,homology from all-vs-all blastp of 28 Arthropods genomes,REJECTED_HOMOLOGY,REJECTED_279,3,1,624,624,624.0,0.483974358974359,3,6.437751649736401,0,48.3974358974359,1.0
FBgn0033798,Yes,homology from all-vs-all blastp of 28 Arthropods genomes,REJECTED_HOMOLOGY,REJECTED_279,3,1,372,372,372.0,0.5698924731182796,3,5.921578419643816,0,56.98924731182796,1.0
FBgn0263086,Yes,homology from all-vs-all blastp of 28 Arthropods genomes,REJECTED_HOMOLOGY,REJECTED_279,3,1,99,99,99.0,0.3838383838383838,3,4.605170185988092,0,38.38383838383838,1.0
FBgn0052188,Yes,homology from all-vs-all blastp of 28 Arthropods genomes,REJECTED_HOMOLOGY,REJECTED_279,3,1,318,318,318.0,0.5911949685534591,3,5.765191102784844,0,59.11949685534591,1.0
FBgn0030824,Yes,homology from all-vs-all blastp of 28 Arthropods genomes,REJECTED_HOMOLOGY,REJECTED_279,3,1,630,630,630.0,0.6063492063492063,3,6.447305862541213,0,60.63492063492063,1.0
FBgn0085356,Yes,homology from all-vs-all blastp of 28 Arthropods genomes,REJECTED_HOMOLOGY,REJECTED_279,3,1,663,663,663.0,0.6380090497737556,3,6.498282149476434,0,63.80090497737556,1.0
FBgn0030830,Yes,homology from all-vs-all blastp of 28 Arthropods genomes,REJECTED_HOMOLOGY,REJECTED_279,3,2,321,519,453.0,0.6375068277720755,3,6.118097198041348,198,63.750682777207544,1.0
FBgn0038160,Yes,homology from all-vs-all blastp of 28 Arthropods genomes,REJECTED_HOMOLOGY,REJECTED_279,3,1,339,339,339.0,0.6224188790560472,3,5.8289456176102075,0,62.24188790560472,1.0
FBgn0029644,Yes,homology from all-vs-all blastp of 28 Arthropods genomes,REJECTED_HOMOLOGY,REJECTED_279,3,1,717,717,717.0,0.6513249651324965,3,6.576469569048224,0,65.13249651324965,1.0
FBgn0014865,Yes,homology from all-vs-all blastp of 28 Arthropods genomes,REJECTED_HOMOLOGY,REJECTED_279,3,1,159,159,159.0,0.5220125786163522,3,5.075173815233827,0,52.20125786163522,1.0
FBgn0030319,Yes,homology from all-vs-all blastp of 28 Arthropods genomes,REJECTED_HOMOLOGY,REJECTED_279,3,1,543,543,543.0,0.6132596685082873,3,6.298949246855942,0,61.32596685082873,1.0
FBgn0033280,Yes,homology from all-vs-all blastp of 28 Arthropods genomes,REJECTED_HOMOLOGY,REJECTED_279,3,1,330,330,330.0,0.5,3,5.802118375377063,0,50.0,1.0
FBgn0034010,Yes,homology from all-vs-all blastp of 28 Arthropods genomes,REJECTED_HOMOLOGY,REJECTED_279,3,1,342,342,342.0,0.5760233918128655,3,5.83773044716594,0,57.60233918128655,1.0
FBgn0261267,Yes,homology from all-vs-all blastp of 28 Arthropods genomes,REJECTED_HOMOLOGY,REJECTED_279,3,1,204,204,204.0,0.5147058823529411,3,5.3230099791384085,0,51.470588235294116,1.0
FBgn0040729,Yes,homology from all-vs-all blastp of 28 Arthropods genomes,REJECTED_HOMOLOGY,REJECTED_279,3,1,162,162,162.0,0.6172839506172839,3,5.093750200806762,0,61.72839506172839,1.0
FBgn0262889,Yes,homology from all-vs-all blastp of 28 Arthropods genomes,REJECTED_HOMOLOGY,REJECTED_279,3,1,324,324,324.0,0.4598765432098765,3,5.783825182329737,0,45.987654320987644,1.0
FBgn0287590,Yes,homology from all-vs-all blastp of 28 Arthropods genomes,REJECTED_HOMOLOGY,REJECTED_279,3,1,96,96,96.0,0.4479166666666667,3,4.574710978503383,0,44.79166666666667,1.0
FBgn0052182,Yes,homology from all-vs-all blastp of 28 Arthropods genomes,REJECTED_HOMOLOGY,REJECTED_279,3,1,1260,1260,1260.0,0.5198412698412699,3,7.139660335964919,0,51.98412698412699,1.0
FBgn0264738,Yes,homology from all-vs-all blastp of 28 Arthropods genomes,REJECTED_HOMOLOGY,REJECTED_279,3,1,984,984,984.0,0.4552845528455284,3,6.892641641172089,0,45.52845528455284,1.0
FBgn0000216,Yes,homology from all-vs-all blastp of 28 Arthropods genomes,REJECTED_HOMOLOGY,REJECTED_279,3,1,246,246,246.0,0.5447154471544715,3,5.5093883366279774,0,54.47154471544715,1.0
FBgn0262856,Yes,homology from all-vs-all blastp of 28 Arthropods genomes,REJECTED_HOMOLOGY,REJECTED_279,3,1,108,108,108.0,0.4814814814814814,3,4.6913478822291435,0,48.14814814814814,1.0
FBgn0038820,Yes,homology from all-vs-all blastp of 28 Arthropods genomes,REJECTED_HOMOLOGY,REJECTED_279,3,1,792,792,792.0,0.6464646464646465,3,6.675823221634848,0,64.64646464646465,1.0
FBgn0037139,Yes,homology from all-vs-all blastp of 28 Arthropods genomes,REJECTED_HOMOLOGY,REJECTED_279,3,1,369,369,369.0,0.5718157181571816,3,5.91350300563827,0,57.18157181571816,1.0
FBgn0051639,Yes,homology from all-vs-all blastp of 28 Arthropods genomes,REJECTED_HOMOLOGY,REJECTED_279,3,1,177,177,177.0,0.6045197740112994,3,5.181783550292085,0,60.451977401129945,1.0
FBgn0003057,Yes,homology from all-vs-all blastp of 28 Arthropods genomes,REJECTED_HOMOLOGY,REJECTED_279,3,1,522,522,522.0,0.6647509578544061,3,6.259581464064923,0,66.4750957854406,1.0
FBgn0284231,Yes,homology from all-vs-all blastp of 28 Arthropods genomes,REJECTED_HOMOLOGY,REJECTED_279,3,1,48,48,48.0,0.5416666666666666,3,3.8918202981106265,0,54.166666666666664,1.0
FBgn0262791,Yes,homology from all-vs-all blastp of 28 Arthropods genomes,REJECTED_HOMOLOGY,REJECTED_279,3,1,69,69,69.0,0.463768115942029,3,4.248495242049359,0,46.3768115942029,1.0
FBgn0038879,Yes,homology from all-vs-all blastp of 28 Arthropods genomes,REJECTED_HOMOLOGY,REJECTED_279,3,1,288,288,288.0,0.6319444444444444,3,5.666426688112432,0,63.19444444444444,1.0
FBgn0050430,Yes,homology from all-vs-all blastp of 28 Arthropods genomes,REJECTED_HOMOLOGY,REJECTED_279,3,1,156,156,156.0,0.5705128205128205,3,5.056245805348308,0,57.05128205128205,1.0
FBgn0262807,Yes,homology from all-vs-all blastp of 28 Arthropods genomes,REJECTED_HOMOLOGY,REJECTED_279,3,1,66,66,66.0,0.4848484848484848,3,4.204692619390966,0,48.48484848484848,1.0
FBgn0263270,Yes,homology from all-vs-all blastp of 28 Arthropods genomes,REJECTED_HOMOLOGY,REJECTED_279,3,1,462,462,462.0,0.367965367965368,3,6.137727054086234,0,36.7965367965368,1.0
FBgn0259730,Yes,homology from all-vs-all blastp of 28 Arthropods genomes,REJECTED_HOMOLOGY,REJECTED_279,3,1,36,36,36.0,0.5277777777777778,3,3.6109179126442243,0,52.77777777777778,1.0
FBgn0250827,Yes,homology from all-vs-all blastp of 28 Arthropods genomes,REJECTED_HOMOLOGY,REJECTED_279,3,1,501,501,501.0,0.5469061876247505,3,6.218600119691729,0,54.690618762475054,1.0
FBgn0263597,Yes,homology from all-vs-all blastp of 28 Arthropods genomes,REJECTED_HOMOLOGY,REJECTED_279,3,1,78,78,78.0,0.4871794871794871,3,4.3694478524670215,0,48.71794871794871,1.0
FBgn0003086,Yes,homology from all-vs-all blastp of 28 Arthropods genomes,REJECTED_HOMOLOGY,REJECTED_279,3,1,519,519,519.0,0.4739884393063584,3,6.253828811575473,0,47.39884393063584,1.0
FBgn0259731,Yes,homology from all-vs-all blastp of 28 Arthropods genomes,REJECTED_HOMOLOGY,REJECTED_279,3,1,36,36,36.0,0.5555555555555556,3,3.6109179126442243,0,55.55555555555556,1.0
FBgn0259732,Yes,homology from all-vs-all blastp of 28 Arthropods genomes,REJECTED_HOMOLOGY,REJECTED_279,3,1,36,36,36.0,0.5277777777777778,3,3.6109179126442243,0,52.77777777777778,1.0
FBgn0262837,Yes,homology from all-vs-all blastp of 28 Arthropods genomes,REJECTED_HOMOLOGY,REJECTED_279,3,1,72,72,72.0,0.375,3,4.290459441148391,0,37.5,1.0
FBgn0036091,Yes,homology from all-vs-all blastp of 28 Arthropods genomes,REJECTED_HOMOLOGY,REJECTED_279,3,1,192,192,192.0,0.609375,3,5.262690188904886,0,60.9375,1.0
FBgn0051740,Yes,homology from all-vs-all blastp of 28 Arthropods genomes,REJECTED_HOMOLOGY,REJECTED_279,3,1,186,186,186.0,0.5860215053763441,3,5.231108616854587,0,58.602150537634415,1.0
FBgn0264605,Yes,homology from all-vs-all blastp of 28 Arthropods genomes,REJECTED_HOMOLOGY,REJECTED_279,3,1,357,357,357.0,0.5462184873949579,3,5.8805329864007,0,54.621848739495796,1.0
FBgn0261358,Yes,homology from all-vs-all blastp of 28 Arthropods genomes,REJECTED_HOMOLOGY,REJECTED_279,3,1,399,399,399.0,0.5363408521303258,3,5.991464547107982,0,53.63408521303258,1.0
FBgn0261357,Yes,homology from all-vs-all blastp of 28 Arthropods genomes,REJECTED_HOMOLOGY,REJECTED_279,3,1,345,345,345.0,0.5043478260869565,3,5.846438775057724,0,50.43478260869565,1.0
FBgn0284083,Yes,homology from all-vs-all blastp of 28 Arthropods genomes,REJECTED_HOMOLOGY,REJECTED_279,3,1,72,72,72.0,0.4722222222222221,3,4.290459441148391,0,47.22222222222221,1.0
FBgn0040989,Yes,homology from all-vs-all blastp of 28 Arthropods genomes,REJECTED_HOMOLOGY,REJECTED_279,3,1,219,219,219.0,0.5844748858447488,3,5.393627546352361,0,58.44748858447488,1.0
FBgn0262836,Yes,homology from all-vs-all blastp of 28 Arthropods genomes,REJECTED_HOMOLOGY,REJECTED_279,3,1,66,66,66.0,0.3484848484848484,3,4.204692619390966,0,34.84848484848484,1.0
FBgn0085479,Yes,homology from all-vs-all blastp of 28 Arthropods genomes,REJECTED_HOMOLOGY,REJECTED_279,3,1,1128,1128,1128.0,0.5700354609929078,3,7.029087564149662,0,57.00354609929078,1.0
FBgn0003060,Yes,homology from all-vs-all blastp of 28 Arthropods genomes,REJECTED_HOMOLOGY,REJECTED_279,3,1,384,384,384.0,0.65625,3,5.953243334287785,0,65.625,1.0
FBgn0035257,Yes,homology from all-vs-all blastp of 28 Arthropods genomes,REJECTED_HOMOLOGY,REJECTED_279,3,1,1587,1587,1587.0,0.5223692501575299,3,7.370230641807081,0,52.23692501575299,1.0
FBgn0286874,Yes,homology from all-vs-all blastp of 28 Arthropods genomes,REJECTED_HOMOLOGY,REJECTED_279,3,1,312,312,312.0,0.4551282051282051,3,5.746203190540153,0,45.51282051282051,1.0
FBgn0262020,Yes,homology from all-vs-all blastp of 28 Arthropods genomes,REJECTED_HOMOLOGY,REJECTED_279,3,1,375,375,375.0,0.4933333333333333,3,5.929589143389895,0,49.33333333333333,1.0
FBgn0034819,Yes,homology from all-vs-all blastp of 28 Arthropods genomes,REJECTED_HOMOLOGY,REJECTED_279,3,1,267,267,267.0,0.6404494382022472,3,5.5909869805108565,0,64.04494382022472,1.0
FBgn0266405,Yes,homology from all-vs-all blastp of 28 Arthropods genomes,REJECTED_HOMOLOGY,REJECTED_279,3,1,129,129,129.0,0.4573643410852713,3,4.867534450455582,0,45.73643410852713,1.0
FBgn0286877,Yes,homology from all-vs-all blastp of 28 Arthropods genomes,REJECTED_HOMOLOGY,REJECTED_279,3,1,591,591,591.0,0.4128595600676819,3,6.3835066348840055,0,41.28595600676819,1.0
FBgn0262353,Yes,homology from all-vs-all blastp of 28 Arthropods genomes,REJECTED_HOMOLOGY,REJECTED_279,3,1,84,84,84.0,0.4880952380952381,3,4.442651256490317,0,48.80952380952381,1.0
FBgn0085205,Yes,homology from all-vs-all blastp of 28 Arthropods genomes,REJECTED_HOMOLOGY,REJECTED_279,3,1,252,252,252.0,0.626984126984127,3,5.53338948872752,0,62.698412698412696,1.0
FBgn0040747,Yes,homology from all-vs-all blastp of 28 Arthropods genomes,REJECTED_HOMOLOGY,REJECTED_279,3,1,165,165,165.0,0.5454545454545454,3,5.111987788356544,0,54.54545454545454,1.0
FBgn0040637,Yes,homology from all-vs-all blastp of 28 Arthropods genomes,REJECTED_HOMOLOGY,REJECTED_279,3,1,297,297,297.0,0.6430976430976431,3,5.697093486505405,0,64.3097643097643,1.0
FBgn0085227,Yes,homology from all-vs-all blastp of 28 Arthropods genomes,REJECTED_HOMOLOGY,REJECTED_279,3,1,180,180,180.0,0.5888888888888889,3,5.198497031265826,0,58.88888888888889,1.0
FBgn0262788,Yes,homology from blastp/jackhmmer against UniProtKB,REJECTED_HOMOLOGY,REJECTED_279,3,1,213,213,213.0,0.4788732394366197,3,5.365976015021851,0,47.88732394366197,1.0
FBgn0004400,Yes,homology from blastp/jackhmmer against UniProtKB,REJECTED_HOMOLOGY,REJECTED_279,3,1,1257,1257,1257.0,0.4717581543357199,3,7.1372784372603855,0,47.17581543357199,1.0
FBgn0053267,Yes,homology from blastp/jackhmmer against UniProtKB,REJECTED_HOMOLOGY,REJECTED_279,3,1,285,285,285.0,0.5614035087719298,3,5.655991810819852,0,56.14035087719298,1.0
FBgn0030994,Yes,homology from blastp/jackhmmer against UniProtKB,REJECTED_HOMOLOGY,REJECTED_279,3,1,540,540,540.0,0.5407407407407407,3,6.293419278846481,0,54.074074074074076,1.0
FBgn0032280,Yes,homology from blastp/jackhmmer against UniProtKB,REJECTED_HOMOLOGY,REJECTED_279,3,1,312,312,312.0,0.5801282051282052,3,5.746203190540153,0,58.01282051282052,1.0
FBgn0035151,Yes,homology from blastp/jackhmmer against UniProtKB,REJECTED_HOMOLOGY,REJECTED_279,3,1,1746,1746,1746.0,0.4610538373424971,3,7.465655310134056,0,46.10538373424971,1.0
FBgn0035022,Yes,homology from blastp/jackhmmer against UniProtKB,REJECTED_HOMOLOGY,REJECTED_279,3,1,429,429,429.0,0.578088578088578,3,6.063785208687608,0,57.80885780885781,1.0
FBgn0053710,Yes,homology from blastp/jackhmmer against UniProtKB,REJECTED_HOMOLOGY,REJECTED_279,3,1,489,489,489.0,0.4008179959100204,3,6.194405391104672,0,40.08179959100204,1.0
FBgn0263037,Yes,homology from blastp/jackhmmer against UniProtKB,REJECTED_HOMOLOGY,REJECTED_279,3,1,1887,1887,1887.0,0.4419713831478537,3,7.543273346705446,0,44.19713831478537,1.0
FBgn0036656,Yes,homology from blastp/jackhmmer against UniProtKB,REJECTED_HOMOLOGY,REJECTED_279,3,1,357,357,357.0,0.5266106442577031,3,5.8805329864007,0,52.66106442577031,1.0
FBgn0050151,Yes,homology from blastp/jackhmmer against UniProtKB,REJECTED_HOMOLOGY,REJECTED_279,3,1,849,849,849.0,0.4676089517078916,3,6.745236349484362,0,46.760895170789155,1.0
FBgn0034011,Yes,homology from blastp/jackhmmer against UniProtKB,REJECTED_HOMOLOGY,REJECTED_279,3,1,639,639,639.0,0.5868544600938967,3,6.461468176353717,0,58.68544600938967,1.0
FBgn0085287,Yes,homology from blastp/jackhmmer against UniProtKB,REJECTED_HOMOLOGY,REJECTED_279,3,1,498,498,498.0,0.4136546184738955,3,6.212606095751519,0,41.365461847389554,1.0
FBgn0037177,Yes,homology from blastp/jackhmmer against UniProtKB,REJECTED_HOMOLOGY,REJECTED_279,3,1,363,363,363.0,0.6336088154269972,3,5.8971538676367405,0,63.36088154269972,1.0
FBgn0262962,Yes,homology from blastp/jackhmmer against UniProtKB,REJECTED_HOMOLOGY,REJECTED_279,3,2,309,414,379.0,0.4257930365992839,3,5.940171252720432,105,42.57930365992839,1.0
FBgn0259701,Yes,homology from blastp/jackhmmer against UniProtKB,REJECTED_HOMOLOGY,REJECTED_279,3,1,486,486,486.0,0.4670781893004115,3,6.18826412308259,0,46.70781893004115,1.0
FBgn0261817,Yes,homology from blastp/jackhmmer against UniProtKB,REJECTED_HOMOLOGY,REJECTED_279,3,1,213,213,213.0,0.4835680751173708,3,5.365976015021851,0,48.35680751173708,1.0
FBgn0266456,Yes,homology from blastp/jackhmmer against UniProtKB,REJECTED_HOMOLOGY,REJECTED_279,3,1,279,279,279.0,0.6057347670250897,3,5.634789603169249,0,60.57347670250897,1.0
FBgn0036394,Yes,homology from blastp/jackhmmer against UniProtKB,REJECTED_HOMOLOGY,REJECTED_279,3,1,486,486,486.0,0.5185185185185185,3,6.18826412308259,0,51.85185185185185,1.0
FBgn0033683,Yes,homology from blastp/jackhmmer against UniProtKB,REJECTED_HOMOLOGY,REJECTED_279,3,1,300,300,300.0,0.5366666666666666,3,5.707110264748875,0,53.666666666666664,1.0
FBgn0031176,Yes,homology from blastp/jackhmmer against UniProtKB,REJECTED_HOMOLOGY,REJECTED_279,3,1,258,258,258.0,0.624031007751938,3,5.556828061699537,0,62.4031007751938,1.0
FBgn0039766,Yes,homology from blastp/jackhmmer against UniProtKB,REJECTED_HOMOLOGY,REJECTED_279,3,1,567,567,567.0,0.5114638447971781,3,6.342121418721152,0,51.14638447971781,1.0
FBgn0264295,Yes,homology from blastp/jackhmmer against UniProtKB,REJECTED_HOMOLOGY,REJECTED_279,3,1,228,228,228.0,0.5219298245614035,3,5.43372200355424,0,52.19298245614035,1.0
FBgn0038239,Yes,homology from blastp/jackhmmer against UniProtKB,REJECTED_HOMOLOGY,REJECTED_279,3,1,477,477,477.0,0.6079664570230608,3,6.169610732491456,0,60.79664570230609,1.0
FBgn0038240,Yes,homology from blastp/jackhmmer against UniProtKB,REJECTED_HOMOLOGY,REJECTED_279,3,1,459,459,459.0,0.6056644880174292,3,6.131226489483141,0,60.56644880174292,1.0
FBgn0033221,Yes,homology from blastp/jackhmmer against UniProtKB,REJECTED_HOMOLOGY,REJECTED_279,3,1,435,435,435.0,0.5011494252873563,3,6.077642243349034,0,50.114942528735625,1.0
FBgn0262605,Yes,homology from blastp/jackhmmer against UniProtKB,REJECTED_HOMOLOGY,REJECTED_279,3,1,366,366,366.0,0.4617486338797814,3,5.905361848054571,0,46.174863387978135,1.0
FBgn0260770,Yes,homology from blastp/jackhmmer against UniProtKB,REJECTED_HOMOLOGY,REJECTED_279,3,1,333,333,333.0,0.5795795795795796,3,5.8111409929767,0,57.95795795795796,1.0
FBgn0040514,Yes,homology from blastp/jackhmmer against UniProtKB,REJECTED_HOMOLOGY,REJECTED_279,3,1,345,345,345.0,0.5159420289855072,3,5.846438775057724,0,51.59420289855072,1.0
FBgn0264342,Yes,homology from blastp/jackhmmer against UniProtKB,REJECTED_HOMOLOGY,REJECTED_279,3,1,642,642,642.0,0.3847352024922117,3,6.466144724237619,0,38.473520249221174,1.0
FBgn0284230,Yes,homology from blastp/jackhmmer against UniProtKB,REJECTED_HOMOLOGY,REJECTED_279,3,1,81,81,81.0,0.4074074074074074,3,4.406719247264253,0,40.74074074074074,1.0
FBgn0053926,Yes,homology from blastp/jackhmmer against UniProtKB,REJECTED_HOMOLOGY,REJECTED_279,3,1,618,618,618.0,0.5776699029126213,3,6.428105272684596,0,57.76699029126213,1.0
FBgn0029645,Yes,homology from blastp/jackhmmer against UniProtKB,REJECTED_HOMOLOGY,REJECTED_279,3,1,885,885,885.0,0.5977401129943503,3,6.786716950605081,0,59.774011299435024,1.0
FBgn0044047,Yes,homology from blastp/jackhmmer against UniProtKB,REJECTED_HOMOLOGY,REJECTED_279,3,1,324,324,324.0,0.5771604938271605,3,5.783825182329737,0,57.71604938271605,1.0
FBgn0261507,Yes,homology from blastp/jackhmmer against UniProtKB,REJECTED_HOMOLOGY,REJECTED_279,3,1,465,465,465.0,0.3892473118279569,3,6.144185634125646,0,38.92473118279569,1.0
FBgn0014368,Yes,homology from blastp/jackhmmer against UniProtKB,REJECTED_HOMOLOGY,REJECTED_279,3,1,393,393,393.0,0.6030534351145038,3,5.976350909297934,0,60.30534351145038,1.0
FBgn0036138,Yes,homology from blastp/jackhmmer against UniProtKB,REJECTED_HOMOLOGY,REJECTED_279,3,1,345,345,345.0,0.5333333333333333,3,5.846438775057724,0,53.333333333333336,1.0
FBgn0038161,Yes,homology from blastp/jackhmmer against UniProtKB,REJECTED_HOMOLOGY,REJECTED_279,3,1,441,441,441.0,0.5510204081632653,3,6.091309882077698,0,55.10204081632652,1.0
FBgn0031277,Yes,homology from blastp/jackhmmer against UniProtKB,REJECTED_HOMOLOGY,REJECTED_279,3,1,360,360,360.0,0.6472222222222223,3,5.8888779583328805,0,64.72222222222223,1.0
FBgn0261506,Yes,homology from blastp/jackhmmer against UniProtKB,REJECTED_HOMOLOGY,REJECTED_279,3,1,486,486,486.0,0.3559670781893003,3,6.18826412308259,0,35.59670781893003,1.0
FBgn0034460,Yes,homology from blastp/jackhmmer against UniProtKB,REJECTED_HOMOLOGY,REJECTED_279,3,1,282,282,282.0,0.524822695035461,3,5.645446897643238,0,52.4822695035461,1.0
FBgn0015585,Yes,homology from blastp/jackhmmer against UniProtKB,REJECTED_HOMOLOGY,REJECTED_279,3,1,246,246,246.0,0.3983739837398374,3,5.5093883366279774,0,39.83739837398374,1.0
FBgn0003741,Yes,homology from blastp/jackhmmer against UniProtKB,REJECTED_HOMOLOGY,REJECTED_279,3,2,111,594,433.0,0.5224011890678557,3,6.073044534100405,483,52.24011890678557,1.0
FBgn0034255,Yes,homology from blastp/jackhmmer against UniProtKB,REJECTED_HOMOLOGY,REJECTED_279,3,1,255,255,255.0,0.5137254901960784,3,5.545177444479562,0,51.37254901960784,1.0
FBgn0052073,Yes,homology from blastp/jackhmmer against UniProtKB,REJECTED_HOMOLOGY,REJECTED_279,3,1,330,330,330.0,0.5696969696969697,3,5.802118375377063,0,56.96969696969697,1.0
FBgn0039346,Yes,homology from blastp/jackhmmer against UniProtKB,REJECTED_HOMOLOGY,REJECTED_279,3,1,447,447,447.0,0.5548098434004475,3,6.104793232414985,0,55.48098434004475,1.0
FBgn0035152,Yes,homology from blastp/jackhmmer against UniProtKB,REJECTED_HOMOLOGY,REJECTED_279,3,1,867,867,867.0,0.5340253748558247,3,6.7661917146603505,0,53.40253748558247,1.0
FBgn0284234,Yes,homology from blastp/jackhmmer against UniProtKB,REJECTED_HOMOLOGY,REJECTED_279,3,1,81,81,81.0,0.5802469135802469,3,4.406719247264253,0,58.0246913580247,1.0
FBgn0262607,Yes,homology from blastp/jackhmmer against UniProtKB,REJECTED_HOMOLOGY,REJECTED_279,3,1,381,381,381.0,0.4934383202099737,3,5.945420608606575,0,49.34383202099737,1.0
FBgn0259917,Yes,homology from blastp/jackhmmer against UniProtKB,REJECTED_HOMOLOGY,REJECTED_279,3,1,372,372,372.0,0.4005376344086022,3,5.921578419643816,0,40.053763440860216,1.0
FBgn0003372,Yes,homology from blastp/jackhmmer against UniProtKB,REJECTED_HOMOLOGY,REJECTED_279,3,1,3861,3861,3861.0,0.483035483035483,3,8.258940462988459,0,48.3035483035483,1.0
FBgn0052268,Yes,homology from blastp/jackhmmer against UniProtKB,REJECTED_HOMOLOGY,REJECTED_279,3,1,219,219,219.0,0.5844748858447488,3,5.393627546352361,0,58.44748858447488,1.0
FBgn0030338,Yes,homology from blastp/jackhmmer against UniProtKB,REJECTED_HOMOLOGY,REJECTED_279,3,1,408,408,408.0,0.5196078431372549,3,6.013715156042802,0,51.9607843137255,1.0
FBgn0085330,Yes,homology from blastp/jackhmmer against UniProtKB,REJECTED_HOMOLOGY,REJECTED_279,3,1,258,258,258.0,0.4883720930232558,3,5.556828061699537,0,48.837209302325576,1.0
FBgn0036468,Yes,homology from blastp/jackhmmer against UniProtKB,REJECTED_HOMOLOGY,REJECTED_279,3,1,414,414,414.0,0.4734299516908213,3,6.028278520230698,0,47.34299516908213,1.0
FBgn0085236,Yes,homology from blastp/jackhmmer against UniProtKB,REJECTED_HOMOLOGY,REJECTED_279,3,1,306,306,306.0,0.4901960784313725,3,5.726847747587197,0,49.019607843137244,1.0
FBgn0037997,Yes,homology from blastp/jackhmmer against UniProtKB,REJECTED_HOMOLOGY,REJECTED_279,3,1,225,225,225.0,0.6266666666666667,3,5.420534999272286,0,62.66666666666667,1.0
FBgn0039238,Yes,homology from blastp/jackhmmer against UniProtKB,REJECTED_HOMOLOGY,REJECTED_279,3,1,1089,1089,1089.0,0.581267217630854,3,6.993932975223189,0,58.1267217630854,1.0
FBgn0011239,Yes,homology from blastp/jackhmmer against UniProtKB,REJECTED_HOMOLOGY,REJECTED_279,3,1,402,402,402.0,0.417910447761194,3,5.998936561946683,0,41.7910447761194,1.0
FBgn0036467,Yes,homology from blastp/jackhmmer against UniProtKB,REJECTED_HOMOLOGY,REJECTED_279,3,1,345,345,345.0,0.5565217391304348,3,5.846438775057724,0,55.65217391304348,1.0
FBgn0036466,Yes,homology from blastp/jackhmmer against UniProtKB,REJECTED_HOMOLOGY,REJECTED_279,3,1,504,504,504.0,0.4027777777777778,3,6.22455842927536,0,40.27777777777778,1.0
FBgn0262358,Yes,homology from blastp/jackhmmer against UniProtKB,REJECTED_HOMOLOGY,REJECTED_279,3,1,249,249,249.0,0.4176706827309237,3,5.521460917862246,0,41.76706827309237,1.0
FBgn0266459,Yes,homology from blastp/jackhmmer against UniProtKB,REJECTED_HOMOLOGY,REJECTED_279,3,1,135,135,135.0,0.4814814814814814,3,4.912654885736052,0,48.14814814814814,1.0
FBgn0283461,Yes,homology from blastp/jackhmmer against UniProtKB,REJECTED_HOMOLOGY,REJECTED_279,3,1,213,213,213.0,0.596244131455399,3,5.365976015021851,0,59.624413145539904,1.0
FBgn0052283,Yes,homology from blastp/jackhmmer against UniProtKB,REJECTED_HOMOLOGY,REJECTED_279,3,1,216,216,216.0,0.5185185185185185,3,5.37989735354046,0,51.85185185185185,1.0
FBgn0261997,Yes,homology from blastp/jackhmmer against UniProtKB,REJECTED_HOMOLOGY,REJECTED_279,3,1,306,306,306.0,0.5816993464052288,3,5.726847747587197,0,58.16993464052288,1.0
FBgn0085315,Yes,homology from blastp/jackhmmer against UniProtKB,REJECTED_HOMOLOGY,REJECTED_279,3,1,267,267,267.0,0.4943820224719101,3,5.5909869805108565,0,49.43820224719101,1.0
FBgn0052189,Yes,homology from blastp/jackhmmer against UniProtKB,REJECTED_HOMOLOGY,REJECTED_279,3,1,318,318,318.0,0.6037735849056604,3,5.765191102784844,0,60.37735849056604,1.0
FBgn0052282,Yes,homology from blastp/jackhmmer against UniProtKB,REJECTED_HOMOLOGY,REJECTED_279,3,1,216,216,216.0,0.5601851851851852,3,5.37989735354046,0,56.018518518518526,1.0
FBgn0004173,Yes,homology from blastp/jackhmmer against UniProtKB,REJECTED_HOMOLOGY,REJECTED_279,3,1,225,225,225.0,0.6355555555555555,3,5.420534999272286,0,63.55555555555556,1.0
FBgn0035434,Yes,homology from blastp/jackhmmer against UniProtKB,REJECTED_HOMOLOGY,REJECTED_279,3,1,210,210,210.0,0.5857142857142857,3,5.351858133476067,0,58.57142857142858,1.0
FBgn0259959,Yes,homology from blastp/jackhmmer against UniProtKB,REJECTED_HOMOLOGY,REJECTED_279,3,1,255,255,255.0,0.403921568627451,3,5.545177444479562,0,40.3921568627451,1.0
FBgn0260238,Yes,homology from blastp/jackhmmer against UniProtKB,REJECTED_HOMOLOGY,REJECTED_279,3,1,303,303,303.0,0.504950495049505,3,5.717027701406222,0,50.495049504950494,1.0
FBgn0052274,Yes,homology from blastp/jackhmmer against UniProtKB,REJECTED_HOMOLOGY,REJECTED_279,3,1,210,210,210.0,0.5047619047619047,3,5.351858133476067,0,50.476190476190474,1.0
FBgn0052279,Yes,homology from blastp/jackhmmer against UniProtKB,REJECTED_HOMOLOGY,REJECTED_279,3,1,213,213,213.0,0.539906103286385,3,5.365976015021851,0,53.990610328638496,1.0
FBgn0016053,Yes,homology from blastp/jackhmmer against UniProtKB,REJECTED_HOMOLOGY,REJECTED_279,3,1,216,216,216.0,0.5277777777777778,3,5.37989735354046,0,52.77777777777778,1.0
FBgn0040718,Yes,homology from blastp/jackhmmer against UniProtKB,REJECTED_HOMOLOGY,REJECTED_279,3,1,162,162,162.0,0.654320987654321,3,5.093750200806762,0,65.4320987654321,1.0
FBgn0030542,Yes,homology from blastp/jackhmmer against UniProtKB,REJECTED_HOMOLOGY,REJECTED_279,3,1,363,363,363.0,0.5426997245179064,3,5.8971538676367405,0,54.269972451790636,1.0
FBgn0031270,Yes,homology from blastp/jackhmmer against UniProtKB,REJECTED_HOMOLOGY,REJECTED_279,3,1,402,402,402.0,0.4800995024875621,3,5.998936561946683,0,48.00995024875621,1.0
FBgn0037669,Yes,homology from blastp/jackhmmer against UniProtKB,REJECTED_HOMOLOGY,REJECTED_279,3,1,588,588,588.0,0.5170068027210885,3,6.3784261836515865,0,51.70068027210885,1.0
FBgn0052219,Yes,homology from blastp/jackhmmer against UniProtKB,REJECTED_HOMOLOGY,REJECTED_279,3,1,453,453,453.0,0.3841059602649007,3,6.118097198041348,0,38.41059602649007,1.0
FBgn0262577,Yes,homology from blastp/jackhmmer against UniProtKB,REJECTED_HOMOLOGY,REJECTED_279,3,1,228,228,228.0,0.4956140350877193,3,5.43372200355424,0,49.56140350877193,1.0
FBgn0085259,Yes,homology from blastp/jackhmmer against UniProtKB,REJECTED_HOMOLOGY,REJECTED_279,3,1,390,390,390.0,0.4692307692307692,3,5.968707559985366,0,46.92307692307692,1.0
FBgn0027259,Yes,homology from blastp/jackhmmer against UniProtKB,REJECTED_HOMOLOGY,REJECTED_279,3,1,552,552,552.0,0.5181159420289855,3,6.315358001522335,0,51.81159420289855,1.0
FBgn0052507,Yes,homology from blastp/jackhmmer against UniProtKB,REJECTED_HOMOLOGY,REJECTED_279,3,1,582,582,582.0,0.4604810996563573,3,6.368187186350492,0,46.04810996563573,1.0
FBgn0067903,Yes,homology from blastp/jackhmmer against UniProtKB,REJECTED_HOMOLOGY,REJECTED_279,3,1,216,216,216.0,0.5833333333333334,3,5.37989735354046,0,58.333333333333336,1.0
FBgn0039428,Yes,homology from blastp/jackhmmer against UniProtKB,REJECTED_HOMOLOGY,REJECTED_279,3,1,366,366,366.0,0.5956284153005464,3,5.905361848054571,0,59.56284153005464,1.0
FBgn0265632,Yes,homology from blastp/jackhmmer against UniProtKB,REJECTED_HOMOLOGY,REJECTED_279,3,1,135,135,135.0,0.5037037037037037,3,4.912654885736052,0,50.37037037037037,1.0
FBgn0050098,Yes,homology from blastp/jackhmmer against UniProtKB,REJECTED_HOMOLOGY,REJECTED_279,3,1,795,795,795.0,0.4339622641509433,3,6.679599185844383,0,43.39622641509433,1.0
FBgn0260226,Yes,homology from blastp/jackhmmer against UniProtKB,REJECTED_HOMOLOGY,REJECTED_279,3,1,231,231,231.0,0.5714285714285714,3,5.44673737166631,0,57.14285714285714,1.0
FBgn0030537,Yes,homology from blastp/jackhmmer against UniProtKB,REJECTED_HOMOLOGY,REJECTED_279,3,2,1734,1836,1802.0,0.5521807851680977,3,7.497207223203318,102,55.21807851680977,1.0
FBgn0051952,Yes,homology from blastp/jackhmmer against UniProtKB,REJECTED_HOMOLOGY,REJECTED_279,3,1,546,546,546.0,0.5879120879120879,3,6.304448802421981,0,58.791208791208796,1.0
FBgn0040393,Yes,homology from blastp/jackhmmer against UniProtKB,REJECTED_HOMOLOGY,REJECTED_279,3,1,360,360,360.0,0.6444444444444445,3,5.8888779583328805,0,64.44444444444444,1.0
FBgn0002933,Yes,homology from blastp/jackhmmer against UniProtKB,REJECTED_HOMOLOGY,REJECTED_279,3,1,324,324,324.0,0.558641975308642,3,5.783825182329737,0,55.8641975308642,1.0
FBgn0010295,Yes,homology from blastp/jackhmmer against UniProtKB,REJECTED_HOMOLOGY,REJECTED_279,3,1,441,441,441.0,0.564625850340136,3,6.091309882077698,0,56.4625850340136,1.0
FBgn0287210,Yes,homology from blastp/jackhmmer against UniProtKB,REJECTED_HOMOLOGY,REJECTED_279,3,1,354,354,354.0,0.4774011299435028,3,5.872117789475416,0,47.740112994350284,1.0
FBgn0033275,Yes,homology from blastp/jackhmmer against UniProtKB,REJECTED_HOMOLOGY,REJECTED_279,3,1,711,711,711.0,0.5935302390998594,3,6.568077911411976,0,59.353023909985936,1.0
FBgn0053062,Yes,homology from tblastn against NCBI representative genomes,REJECTED_HOMOLOGY,REJECTED_279,3,1,375,375,375.0,0.512,3,5.929589143389895,0,51.2,1.0
FBgn0034416,Yes,homology from tblastn against NCBI representative genomes,REJECTED_HOMOLOGY,REJECTED_279,3,1,1170,1170,1170.0,0.5282051282051282,3,7.065613363597717,0,52.820512820512825,1.0
FBgn0051804,Yes,homology from tblastn against NCBI representative genomes,REJECTED_HOMOLOGY,REJECTED_279,3,1,639,639,639.0,0.4084507042253522,3,6.461468176353717,0,40.845070422535215,1.0
FBgn0033076,Yes,homology from tblastn against NCBI representative genomes,REJECTED_HOMOLOGY,REJECTED_279,3,1,501,501,501.0,0.4790419161676646,3,6.218600119691729,0,47.90419161676646,1.0
FBgn0267964,Yes,homology from tblastn against NCBI representative genomes,REJECTED_HOMOLOGY,REJECTED_279,3,1,81,81,81.0,0.3333333333333333,3,4.406719247264253,0,33.33333333333333,1.0
FBgn0284226,Yes,homology from tblastn against NCBI representative genomes,REJECTED_HOMOLOGY,REJECTED_279,3,1,72,72,72.0,0.3611111111111111,3,4.290459441148391,0,36.11111111111111,1.0
FBgn0041232,Yes,homology from tblastn against NCBI representative genomes,REJECTED_HOMOLOGY,REJECTED_279,3,1,1116,1116,1116.0,0.4130824372759856,3,7.018401799069201,0,41.30824372759856,1.0
FBgn0038356,Yes,homology from tblastn against NCBI representative genomes,REJECTED_HOMOLOGY,REJECTED_279,3,1,306,306,306.0,0.4607843137254901,3,5.726847747587197,0,46.07843137254901,1.0
FBgn0263656,Yes,homology from tblastn against NCBI representative genomes,REJECTED_HOMOLOGY,REJECTED_279,3,1,441,441,441.0,0.3582766439909297,3,6.091309882077698,0,35.82766439909297,1.0
FBgn0261614,Yes,homology from tblastn against NCBI representative genomes,REJECTED_HOMOLOGY,REJECTED_279,3,1,237,237,237.0,0.459915611814346,3,5.472270673671475,0,45.9915611814346,1.0
FBgn0260000,Yes,homology from tblastn against NCBI representative genomes,REJECTED_HOMOLOGY,REJECTED_279,3,1,405,405,405.0,0.5358024691358024,3,6.0063531596017325,0,53.58024691358024,1.0
FBgn0052643,Yes,homology from tblastn against NCBI representative genomes,REJECTED_HOMOLOGY,REJECTED_279,3,1,306,306,306.0,0.545751633986928,3,5.726847747587197,0,54.57516339869281,1.0
FBgn0032834,Yes,homology from tblastn against NCBI representative genomes,REJECTED_HOMOLOGY,REJECTED_279,3,1,402,402,402.0,0.527363184079602,3,5.998936561946683,0,52.736318407960205,1.0
FBgn0264377,Yes,homology from tblastn against NCBI representative genomes,REJECTED_HOMOLOGY,REJECTED_279,3,1,219,219,219.0,0.3242009132420091,3,5.393627546352361,0,32.42009132420091,1.0
FBgn0036459,Yes,homology from tblastn against NCBI representative genomes,REJECTED_HOMOLOGY,REJECTED_279,3,1,2301,2301,2301.0,0.3689700130378097,3,7.741533589281828,0,36.89700130378097,1.0
FBgn0286893,Yes,homology from tblastn against NCBI representative genomes,REJECTED_HOMOLOGY,REJECTED_279,3,1,219,219,219.0,0.4063926940639269,3,5.393627546352361,0,40.63926940639269,1.0
FBgn0034206,Yes,homology from tblastn against NCBI representative genomes,REJECTED_HOMOLOGY,REJECTED_279,3,1,387,387,387.0,0.5322997416020672,3,5.961005339623274,0,53.229974160206716,1.0
FBgn0031756,Yes,homology from tblastn against NCBI representative genomes,REJECTED_HOMOLOGY,REJECTED_279,3,1,1980,1980,1980.0,0.5616161616161616,3,7.591357046698551,0,56.16161616161616,1.0
FBgn0028415,Yes,homology from tblastn against NCBI representative genomes,REJECTED_HOMOLOGY,REJECTED_279,3,1,156,156,156.0,0.5448717948717948,3,5.056245805348308,0,54.48717948717948,1.0
FBgn0003087,Yes,homology from tblastn against NCBI representative genomes,REJECTED_HOMOLOGY,REJECTED_279,3,1,600,600,600.0,0.4216666666666667,3,6.398594934535208,0,42.16666666666667,1.0
FBgn0046294,Yes,homology from tblastn against NCBI representative genomes,REJECTED_HOMOLOGY,REJECTED_279,3,1,438,438,438.0,0.5205479452054794,3,6.0844994130751715,0,52.054794520547944,1.0
FBgn0267726,Yes,homology from tblastn against NCBI representative genomes,REJECTED_HOMOLOGY,REJECTED_279,3,1,144,144,144.0,0.6041666666666666,3,4.976733742420574,0,60.416666666666664,1.0
FBgn0030237,Yes,homology from tblastn against NCBI representative genomes,REJECTED_HOMOLOGY,REJECTED_279,3,1,444,444,444.0,0.5518018018018018,3,6.09807428216624,0,55.18018018018018,1.0
FBgn0034841,Yes,homology from tblastn against NCBI representative genomes,REJECTED_HOMOLOGY,REJECTED_279,3,1,519,519,519.0,0.5260115606936416,3,6.253828811575473,0,52.601156069364166,1.0
FBgn0262840,Yes,homology from tblastn against NCBI representative genomes,REJECTED_HOMOLOGY,REJECTED_279,3,1,186,186,186.0,0.5,3,5.231108616854587,0,50.0,1.0
FBgn0263996,Yes,homology from tblastn against NCBI representative genomes,REJECTED_HOMOLOGY,REJECTED_279,3,1,48,48,48.0,0.4583333333333333,3,3.8918202981106265,0,45.83333333333333,1.0
FBgn0003034,Yes,homology from tblastn against NCBI representative genomes,REJECTED_HOMOLOGY,REJECTED_279,3,1,168,168,168.0,0.5059523809523809,3,5.1298987149230735,0,50.595238095238095,1.0
FBgn0029696,Yes,homology from tblastn against NCBI representative genomes,REJECTED_HOMOLOGY,REJECTED_279,3,1,459,459,459.0,0.4553376906318083,3,6.131226489483141,0,45.53376906318083,1.0
FBgn0028416,Yes,homology from tblastn against NCBI representative genomes,REJECTED_HOMOLOGY,REJECTED_279,3,1,156,156,156.0,0.5448717948717948,3,5.056245805348308,0,54.48717948717948,1.0
FBgn0040972,Yes,homology from tblastn against NCBI representative genomes,REJECTED_HOMOLOGY,REJECTED_279,3,1,291,291,291.0,0.4673539518900343,3,5.676753802268282,0,46.735395189003434,1.0
FBgn0262961,Yes,homology from tblastn against NCBI representative genomes,REJECTED_HOMOLOGY,REJECTED_279,3,1,333,333,333.0,0.4864864864864865,3,5.8111409929767,0,48.64864864864865,1.0
FBgn0051898,Yes,homology from tblastn against NCBI representative genomes,REJECTED_HOMOLOGY,REJECTED_279,3,1,1002,1002,1002.0,0.4351297405189621,3,6.910750787961936,0,43.51297405189621,1.0
FBgn0262567,Yes,homology from tblastn against NCBI representative genomes,REJECTED_HOMOLOGY,REJECTED_279,3,1,192,192,192.0,0.5625,3,5.262690188904886,0,56.25,1.0
FBgn0054025,Yes,homology from tblastn against NCBI representative genomes,REJECTED_HOMOLOGY,REJECTED_279,3,1,978,978,978.0,0.3977505112474437,3,6.88653164253051,0,39.77505112474437,1.0
